[{"model": "taggit.tag", "pk": 1, "fields": {"name": "theblacksea", "slug": "theblacksea"}}, {"model": "contenttypes.contenttype", "pk": 1, "fields": {"app_label": "wagtailcore", "model": "page"}}, {"model": "contenttypes.contenttype", "pk": 2, "fields": {"app_label": "wagtailimages", "model": "image"}}, {"model": "contenttypes.contenttype", "pk": 3, "fields": {"app_label": "wagtailadmin", "model": "admin"}}, {"model": "contenttypes.contenttype", "pk": 4, "fields": {"app_label": "wagtaildocs", "model": "document"}}, {"model": "contenttypes.contenttype", "pk": 5, "fields": {"app_label": "taggit", "model": "tag"}}, {"model": "contenttypes.contenttype", "pk": 6, "fields": {"app_label": "taggit", "model": "taggeditem"}}, {"model": "contenttypes.contenttype", "pk": 7, "fields": {"app_label": "admin", "model": "logentry"}}, {"model": "contenttypes.contenttype", "pk": 8, "fields": {"app_label": "auth", "model": "permission"}}, {"model": "contenttypes.contenttype", "pk": 9, "fields": {"app_label": "auth", "model": "group"}}, {"model": "contenttypes.contenttype", "pk": 10, "fields": {"app_label": "auth", "model": "user"}}, {"model": "contenttypes.contenttype", "pk": 11, "fields": {"app_label": "contenttypes", "model": "contenttype"}}, {"model": "contenttypes.contenttype", "pk": 12, "fields": {"app_label": "sessions", "model": "session"}}, {"model": "contenttypes.contenttype", "pk": 13, "fields": {"app_label": "wagtailforms", "model": "formsubmission"}}, {"model": "contenttypes.contenttype", "pk": 14, "fields": {"app_label": "wagtailredirects", "model": "redirect"}}, {"model": "contenttypes.contenttype", "pk": 15, "fields": {"app_label": "wagtailembeds", "model": "embed"}}, {"model": "contenttypes.contenttype", "pk": 16, "fields": {"app_label": "wagtailusers", "model": "userprofile"}}, {"model": "contenttypes.contenttype", "pk": 17, "fields": {"app_label": "wagtailimages", "model": "rendition"}}, {"model": "contenttypes.contenttype", "pk": 18, "fields": {"app_label": "wagtailsearch", "model": "query"}}, {"model": "contenttypes.contenttype", "pk": 19, "fields": {"app_label": "wagtailsearch", "model": "querydailyhits"}}, {"model": "contenttypes.contenttype", "pk": 20, "fields": {"app_label": "wagtailcore", "model": "grouppagepermission"}}, {"model": "contenttypes.contenttype", "pk": 21, "fields": {"app_label": "wagtailcore", "model": "pagerevision"}}, {"model": "contenttypes.contenttype", "pk": 22, "fields": {"app_label": "wagtailcore", "model": "pageviewrestriction"}}, {"model": "contenttypes.contenttype", "pk": 23, "fields": {"app_label": "wagtailcore", "model": "site"}}, {"model": "contenttypes.contenttype", "pk": 24, "fields": {"app_label": "wagtailcore", "model": "collection"}}, {"model": "contenttypes.contenttype", "pk": 25, "fields": {"app_label": "wagtailcore", "model": "groupcollectionpermission"}}, {"model": "contenttypes.contenttype", "pk": 26, "fields": {"app_label": "wagtailcore", "model": "collectionviewrestriction"}}, {"model": "contenttypes.contenttype", "pk": 27, "fields": {"app_label": "blacktail", "model": "authorpage"}}, {"model": "contenttypes.contenttype", "pk": 28, "fields": {"app_label": "blacktail", "model": "aboutpage"}}, {"model": "contenttypes.contenttype", "pk": 29, "fields": {"app_label": "blacktail", "model": "homepage"}}, {"model": "contenttypes.contenttype", "pk": 30, "fields": {"app_label": "blacktail", "model": "staticpage"}}, {"model": "contenttypes.contenttype", "pk": 31, "fields": {"app_label": "blacktail", "model": "author"}}, {"model": "contenttypes.contenttype", "pk": 32, "fields": {"app_label": "blacktail", "model": "storytype"}}, {"model": "contenttypes.contenttype", "pk": 33, "fields": {"app_label": "blacktail", "model": "storydossier"}}, {"model": "contenttypes.contenttype", "pk": 34, "fields": {"app_label": "blacktail", "model": "story"}}, {"model": "contenttypes.contenttype", "pk": 35, "fields": {"app_label": "blacktail", "model": "storytag"}}, {"model": "contenttypes.contenttype", "pk": 36, "fields": {"app_label": "blacktail", "model": "blogindex"}}, {"model": "contenttypes.contenttype", "pk": 37, "fields": {"app_label": "blacktail", "model": "blogpost"}}, {"model": "contenttypes.contenttype", "pk": 38, "fields": {"app_label": "blacktail", "model": "storiesindex"}}, {"model": "contenttypes.contenttype", "pk": 39, "fields": {"app_label": "blacktail", "model": "storylocation"}}, {"model": "contenttypes.contenttype", "pk": 40, "fields": {"app_label": "blacktail", "model": "storytemplate"}}, {"model": "sessions.session", "pk": "roa3v4j20njlqm3s9r3ypki58vo9j180", "fields": {"session_data": "Nzg4YWQ0OGY3NjgwMDZmMjJhYmQyYmFjYjYzZjQ0ZDZmNTQxYmQ4Njp7Il9hdXRoX3VzZXJfaWQiOiIxIiwiX2F1dGhfdXNlcl9iYWNrZW5kIjoiZGphbmdvLmNvbnRyaWIuYXV0aC5iYWNrZW5kcy5Nb2RlbEJhY2tlbmQiLCJfYXV0aF91c2VyX2hhc2giOiJjMGRhNjQzYWY0OGFhOTg2NGMwYTljOGQ5MTdiZGJmMmY1ODUxOWViIn0=", "expire_date": "2018-01-22T14:16:14.080Z"}}, {"model": "wagtailimages.rendition", "pk": 1, "fields": {"filter_spec": "max-165x165", "file": "images/thumbnail_1_VW0Mefq.max-165x165.jpg", "width": 165, "height": 60, "focal_point_key": "", "image": 1}}, {"model": "wagtailcore.site", "pk": 1, "fields": {"hostname": "dev.theblacksea.eu", "port": 80, "site_name": "The Black Sea", "root_page": 3, "is_default_site": true}}, {"model": "wagtailcore.collection", "pk": 1, "fields": {"path": "0001", "depth": 1, "numchild": 3, "name": "Root"}}, {"model": "wagtailcore.collection", "pk": 2, "fields": {"path": "00010001", "depth": 2, "numchild": 0, "name": "icons"}}, {"model": "wagtailcore.collection", "pk": 3, "fields": {"path": "00010002", "depth": 2, "numchild": 0, "name": "authors"}}, {"model": "wagtailcore.collection", "pk": 4, "fields": {"path": "00010003", "depth": 2, "numchild": 0, "name": "stories"}}, {"model": "blacktail.storytype", "pk": 1, "fields": {"name": "text", "image": null}}, {"model": "blacktail.storydossier", "pk": 1, "fields": {"name": "finance"}}, {"model": "blacktail.storydossier", "pk": 2, "fields": {"name": "politics"}}, {"model": "blacktail.storydossier", "pk": 3, "fields": {"name": "drugs"}}, {"model": "blacktail.storydossier", "pk": 4, "fields": {"name": "environment"}}, {"model": "blacktail.storydossier", "pk": 5, "fields": {"name": "shale gas"}}, {"model": "blacktail.storydossier", "pk": 6, "fields": {"name": "off-shore"}}, {"model": "blacktail.storydossier", "pk": 7, "fields": {"name": "beasts"}}, {"model": "blacktail.storydossier", "pk": 8, "fields": {"name": "energy"}}, {"model": "auth.permission", "pk": 1, "fields": {"name": "Can add image", "content_type": 2, "codename": "add_image"}}, {"model": "auth.permission", "pk": 2, "fields": {"name": "Can change image", "content_type": 2, "codename": "change_image"}}, {"model": "auth.permission", "pk": 3, "fields": {"name": "Can delete image", "content_type": 2, "codename": "delete_image"}}, {"model": "auth.permission", "pk": 4, "fields": {"name": "Can access Wagtail admin", "content_type": 3, "codename": "access_admin"}}, {"model": "auth.permission", "pk": 5, "fields": {"name": "Can add document", "content_type": 4, "codename": "add_document"}}, {"model": "auth.permission", "pk": 6, "fields": {"name": "Can change document", "content_type": 4, "codename": "change_document"}}, {"model": "auth.permission", "pk": 7, "fields": {"name": "Can delete document", "content_type": 4, "codename": "delete_document"}}, {"model": "auth.permission", "pk": 8, "fields": {"name": "Can add Tag", "content_type": 5, "codename": "add_tag"}}, {"model": "auth.permission", "pk": 9, "fields": {"name": "Can change Tag", "content_type": 5, "codename": "change_tag"}}, {"model": "auth.permission", "pk": 10, "fields": {"name": "Can delete Tag", "content_type": 5, "codename": "delete_tag"}}, {"model": "auth.permission", "pk": 11, "fields": {"name": "Can add Tagged Item", "content_type": 6, "codename": "add_taggeditem"}}, {"model": "auth.permission", "pk": 12, "fields": {"name": "Can change Tagged Item", "content_type": 6, "codename": "change_taggeditem"}}, {"model": "auth.permission", "pk": 13, "fields": {"name": "Can delete Tagged Item", "content_type": 6, "codename": "delete_taggeditem"}}, {"model": "auth.permission", "pk": 14, "fields": {"name": "Can add log entry", "content_type": 7, "codename": "add_logentry"}}, {"model": "auth.permission", "pk": 15, "fields": {"name": "Can change log entry", "content_type": 7, "codename": "change_logentry"}}, {"model": "auth.permission", "pk": 16, "fields": {"name": "Can delete log entry", "content_type": 7, "codename": "delete_logentry"}}, {"model": "auth.permission", "pk": 17, "fields": {"name": "Can add permission", "content_type": 8, "codename": "add_permission"}}, {"model": "auth.permission", "pk": 18, "fields": {"name": "Can change permission", "content_type": 8, "codename": "change_permission"}}, {"model": "auth.permission", "pk": 19, "fields": {"name": "Can delete permission", "content_type": 8, "codename": "delete_permission"}}, {"model": "auth.permission", "pk": 20, "fields": {"name": "Can add group", "content_type": 9, "codename": "add_group"}}, {"model": "auth.permission", "pk": 21, "fields": {"name": "Can change group", "content_type": 9, "codename": "change_group"}}, {"model": "auth.permission", "pk": 22, "fields": {"name": "Can delete group", "content_type": 9, "codename": "delete_group"}}, {"model": "auth.permission", "pk": 23, "fields": {"name": "Can add user", "content_type": 10, "codename": "add_user"}}, {"model": "auth.permission", "pk": 24, "fields": {"name": "Can change user", "content_type": 10, "codename": "change_user"}}, {"model": "auth.permission", "pk": 25, "fields": {"name": "Can delete user", "content_type": 10, "codename": "delete_user"}}, {"model": "auth.permission", "pk": 26, "fields": {"name": "Can add content type", "content_type": 11, "codename": "add_contenttype"}}, {"model": "auth.permission", "pk": 27, "fields": {"name": "Can change content type", "content_type": 11, "codename": "change_contenttype"}}, {"model": "auth.permission", "pk": 28, "fields": {"name": "Can delete content type", "content_type": 11, "codename": "delete_contenttype"}}, {"model": "auth.permission", "pk": 29, "fields": {"name": "Can add session", "content_type": 12, "codename": "add_session"}}, {"model": "auth.permission", "pk": 30, "fields": {"name": "Can change session", "content_type": 12, "codename": "change_session"}}, {"model": "auth.permission", "pk": 31, "fields": {"name": "Can delete session", "content_type": 12, "codename": "delete_session"}}, {"model": "auth.permission", "pk": 32, "fields": {"name": "Can add form submission", "content_type": 13, "codename": "add_formsubmission"}}, {"model": "auth.permission", "pk": 33, "fields": {"name": "Can change form submission", "content_type": 13, "codename": "change_formsubmission"}}, {"model": "auth.permission", "pk": 34, "fields": {"name": "Can delete form submission", "content_type": 13, "codename": "delete_formsubmission"}}, {"model": "auth.permission", "pk": 35, "fields": {"name": "Can add redirect", "content_type": 14, "codename": "add_redirect"}}, {"model": "auth.permission", "pk": 36, "fields": {"name": "Can change redirect", "content_type": 14, "codename": "change_redirect"}}, {"model": "auth.permission", "pk": 37, "fields": {"name": "Can delete redirect", "content_type": 14, "codename": "delete_redirect"}}, {"model": "auth.permission", "pk": 38, "fields": {"name": "Can add embed", "content_type": 15, "codename": "add_embed"}}, {"model": "auth.permission", "pk": 39, "fields": {"name": "Can change embed", "content_type": 15, "codename": "change_embed"}}, {"model": "auth.permission", "pk": 40, "fields": {"name": "Can delete embed", "content_type": 15, "codename": "delete_embed"}}, {"model": "auth.permission", "pk": 41, "fields": {"name": "Can add user profile", "content_type": 16, "codename": "add_userprofile"}}, {"model": "auth.permission", "pk": 42, "fields": {"name": "Can change user profile", "content_type": 16, "codename": "change_userprofile"}}, {"model": "auth.permission", "pk": 43, "fields": {"name": "Can delete user profile", "content_type": 16, "codename": "delete_userprofile"}}, {"model": "auth.permission", "pk": 44, "fields": {"name": "Can add rendition", "content_type": 17, "codename": "add_rendition"}}, {"model": "auth.permission", "pk": 45, "fields": {"name": "Can change rendition", "content_type": 17, "codename": "change_rendition"}}, {"model": "auth.permission", "pk": 46, "fields": {"name": "Can delete rendition", "content_type": 17, "codename": "delete_rendition"}}, {"model": "auth.permission", "pk": 47, "fields": {"name": "Can add query", "content_type": 18, "codename": "add_query"}}, {"model": "auth.permission", "pk": 48, "fields": {"name": "Can change query", "content_type": 18, "codename": "change_query"}}, {"model": "auth.permission", "pk": 49, "fields": {"name": "Can delete query", "content_type": 18, "codename": "delete_query"}}, {"model": "auth.permission", "pk": 50, "fields": {"name": "Can add Query Daily Hits", "content_type": 19, "codename": "add_querydailyhits"}}, {"model": "auth.permission", "pk": 51, "fields": {"name": "Can change Query Daily Hits", "content_type": 19, "codename": "change_querydailyhits"}}, {"model": "auth.permission", "pk": 52, "fields": {"name": "Can delete Query Daily Hits", "content_type": 19, "codename": "delete_querydailyhits"}}, {"model": "auth.permission", "pk": 53, "fields": {"name": "Can add page", "content_type": 1, "codename": "add_page"}}, {"model": "auth.permission", "pk": 54, "fields": {"name": "Can change page", "content_type": 1, "codename": "change_page"}}, {"model": "auth.permission", "pk": 55, "fields": {"name": "Can delete page", "content_type": 1, "codename": "delete_page"}}, {"model": "auth.permission", "pk": 56, "fields": {"name": "Can add group page permission", "content_type": 20, "codename": "add_grouppagepermission"}}, {"model": "auth.permission", "pk": 57, "fields": {"name": "Can change group page permission", "content_type": 20, "codename": "change_grouppagepermission"}}, {"model": "auth.permission", "pk": 58, "fields": {"name": "Can delete group page permission", "content_type": 20, "codename": "delete_grouppagepermission"}}, {"model": "auth.permission", "pk": 59, "fields": {"name": "Can add page revision", "content_type": 21, "codename": "add_pagerevision"}}, {"model": "auth.permission", "pk": 60, "fields": {"name": "Can change page revision", "content_type": 21, "codename": "change_pagerevision"}}, {"model": "auth.permission", "pk": 61, "fields": {"name": "Can delete page revision", "content_type": 21, "codename": "delete_pagerevision"}}, {"model": "auth.permission", "pk": 62, "fields": {"name": "Can add page view restriction", "content_type": 22, "codename": "add_pageviewrestriction"}}, {"model": "auth.permission", "pk": 63, "fields": {"name": "Can change page view restriction", "content_type": 22, "codename": "change_pageviewrestriction"}}, {"model": "auth.permission", "pk": 64, "fields": {"name": "Can delete page view restriction", "content_type": 22, "codename": "delete_pageviewrestriction"}}, {"model": "auth.permission", "pk": 65, "fields": {"name": "Can add site", "content_type": 23, "codename": "add_site"}}, {"model": "auth.permission", "pk": 66, "fields": {"name": "Can change site", "content_type": 23, "codename": "change_site"}}, {"model": "auth.permission", "pk": 67, "fields": {"name": "Can delete site", "content_type": 23, "codename": "delete_site"}}, {"model": "auth.permission", "pk": 68, "fields": {"name": "Can add collection", "content_type": 24, "codename": "add_collection"}}, {"model": "auth.permission", "pk": 69, "fields": {"name": "Can change collection", "content_type": 24, "codename": "change_collection"}}, {"model": "auth.permission", "pk": 70, "fields": {"name": "Can delete collection", "content_type": 24, "codename": "delete_collection"}}, {"model": "auth.permission", "pk": 71, "fields": {"name": "Can add group collection permission", "content_type": 25, "codename": "add_groupcollectionpermission"}}, {"model": "auth.permission", "pk": 72, "fields": {"name": "Can change group collection permission", "content_type": 25, "codename": "change_groupcollectionpermission"}}, {"model": "auth.permission", "pk": 73, "fields": {"name": "Can delete group collection permission", "content_type": 25, "codename": "delete_groupcollectionpermission"}}, {"model": "auth.permission", "pk": 74, "fields": {"name": "Can add collection view restriction", "content_type": 26, "codename": "add_collectionviewrestriction"}}, {"model": "auth.permission", "pk": 75, "fields": {"name": "Can change collection view restriction", "content_type": 26, "codename": "change_collectionviewrestriction"}}, {"model": "auth.permission", "pk": 76, "fields": {"name": "Can delete collection view restriction", "content_type": 26, "codename": "delete_collectionviewrestriction"}}, {"model": "auth.permission", "pk": 77, "fields": {"name": "Can add author page", "content_type": 27, "codename": "add_authorpage"}}, {"model": "auth.permission", "pk": 78, "fields": {"name": "Can change author page", "content_type": 27, "codename": "change_authorpage"}}, {"model": "auth.permission", "pk": 79, "fields": {"name": "Can delete author page", "content_type": 27, "codename": "delete_authorpage"}}, {"model": "auth.permission", "pk": 80, "fields": {"name": "Can add about page", "content_type": 28, "codename": "add_aboutpage"}}, {"model": "auth.permission", "pk": 81, "fields": {"name": "Can change about page", "content_type": 28, "codename": "change_aboutpage"}}, {"model": "auth.permission", "pk": 82, "fields": {"name": "Can delete about page", "content_type": 28, "codename": "delete_aboutpage"}}, {"model": "auth.permission", "pk": 83, "fields": {"name": "Can add home page", "content_type": 29, "codename": "add_homepage"}}, {"model": "auth.permission", "pk": 84, "fields": {"name": "Can change home page", "content_type": 29, "codename": "change_homepage"}}, {"model": "auth.permission", "pk": 85, "fields": {"name": "Can delete home page", "content_type": 29, "codename": "delete_homepage"}}, {"model": "auth.permission", "pk": 86, "fields": {"name": "Can add static page", "content_type": 30, "codename": "add_staticpage"}}, {"model": "auth.permission", "pk": 87, "fields": {"name": "Can change static page", "content_type": 30, "codename": "change_staticpage"}}, {"model": "auth.permission", "pk": 88, "fields": {"name": "Can delete static page", "content_type": 30, "codename": "delete_staticpage"}}, {"model": "auth.permission", "pk": 89, "fields": {"name": "Can add author", "content_type": 31, "codename": "add_author"}}, {"model": "auth.permission", "pk": 90, "fields": {"name": "Can change author", "content_type": 31, "codename": "change_author"}}, {"model": "auth.permission", "pk": 91, "fields": {"name": "Can delete author", "content_type": 31, "codename": "delete_author"}}, {"model": "auth.permission", "pk": 92, "fields": {"name": "Can add story type", "content_type": 32, "codename": "add_storytype"}}, {"model": "auth.permission", "pk": 93, "fields": {"name": "Can change story type", "content_type": 32, "codename": "change_storytype"}}, {"model": "auth.permission", "pk": 94, "fields": {"name": "Can delete story type", "content_type": 32, "codename": "delete_storytype"}}, {"model": "auth.permission", "pk": 95, "fields": {"name": "Can add story dossier", "content_type": 33, "codename": "add_storydossier"}}, {"model": "auth.permission", "pk": 96, "fields": {"name": "Can change story dossier", "content_type": 33, "codename": "change_storydossier"}}, {"model": "auth.permission", "pk": 97, "fields": {"name": "Can delete story dossier", "content_type": 33, "codename": "delete_storydossier"}}, {"model": "auth.permission", "pk": 98, "fields": {"name": "Can add story", "content_type": 34, "codename": "add_story"}}, {"model": "auth.permission", "pk": 99, "fields": {"name": "Can change story", "content_type": 34, "codename": "change_story"}}, {"model": "auth.permission", "pk": 100, "fields": {"name": "Can delete story", "content_type": 34, "codename": "delete_story"}}, {"model": "auth.permission", "pk": 101, "fields": {"name": "Can add story tag", "content_type": 35, "codename": "add_storytag"}}, {"model": "auth.permission", "pk": 102, "fields": {"name": "Can change story tag", "content_type": 35, "codename": "change_storytag"}}, {"model": "auth.permission", "pk": 103, "fields": {"name": "Can delete story tag", "content_type": 35, "codename": "delete_storytag"}}, {"model": "auth.permission", "pk": 104, "fields": {"name": "Can add blog index", "content_type": 36, "codename": "add_blogindex"}}, {"model": "auth.permission", "pk": 105, "fields": {"name": "Can change blog index", "content_type": 36, "codename": "change_blogindex"}}, {"model": "auth.permission", "pk": 106, "fields": {"name": "Can delete blog index", "content_type": 36, "codename": "delete_blogindex"}}, {"model": "auth.permission", "pk": 107, "fields": {"name": "Can add blog post", "content_type": 37, "codename": "add_blogpost"}}, {"model": "auth.permission", "pk": 108, "fields": {"name": "Can change blog post", "content_type": 37, "codename": "change_blogpost"}}, {"model": "auth.permission", "pk": 109, "fields": {"name": "Can delete blog post", "content_type": 37, "codename": "delete_blogpost"}}, {"model": "auth.permission", "pk": 110, "fields": {"name": "Can add stories index", "content_type": 38, "codename": "add_storiesindex"}}, {"model": "auth.permission", "pk": 111, "fields": {"name": "Can change stories index", "content_type": 38, "codename": "change_storiesindex"}}, {"model": "auth.permission", "pk": 112, "fields": {"name": "Can delete stories index", "content_type": 38, "codename": "delete_storiesindex"}}, {"model": "auth.permission", "pk": 113, "fields": {"name": "Can add story location", "content_type": 39, "codename": "add_storylocation"}}, {"model": "auth.permission", "pk": 114, "fields": {"name": "Can change story location", "content_type": 39, "codename": "change_storylocation"}}, {"model": "auth.permission", "pk": 115, "fields": {"name": "Can delete story location", "content_type": 39, "codename": "delete_storylocation"}}, {"model": "auth.permission", "pk": 116, "fields": {"name": "Can add story template", "content_type": 40, "codename": "add_storytemplate"}}, {"model": "auth.permission", "pk": 117, "fields": {"name": "Can change story template", "content_type": 40, "codename": "change_storytemplate"}}, {"model": "auth.permission", "pk": 118, "fields": {"name": "Can delete story template", "content_type": 40, "codename": "delete_storytemplate"}}, {"model": "taggit.taggeditem", "pk": 1, "fields": {"tag": 1, "content_type": 2, "object_id": 1}}, {"model": "auth.group", "pk": 1, "fields": {"name": "Moderators", "permissions": [4, 5, 6, 7, 1, 2, 3]}}, {"model": "auth.group", "pk": 2, "fields": {"name": "Editors", "permissions": [4, 5, 6, 7, 1, 2, 3]}}, {"model": "auth.user", "pk": 1, "fields": {"password": "pbkdf2_sha256$36000$VJfL5v7V7QkY$iB/wlTmGzBKRSNnRQRYXaGYuDvGGxpCBN/rp3MGvd2o=", "last_login": "2018-01-08T14:16:14.074Z", "is_superuser": true, "username": "root", "first_name": "", "last_name": "", "email": "", "is_staff": true, "is_active": true, "date_joined": "2018-01-08T14:15:35.816Z", "groups": [], "user_permissions": []}}, {"model": "wagtailimages.image", "pk": 1, "fields": {"collection": 1, "title": "theblacksea", "file": "original_images/thumbnail_1_VW0Mefq.jpg", "width": 1280, "height": 470, "created_at": "2018-01-08T14:17:15.123Z", "uploaded_by_user": 1, "focal_point_x": null, "focal_point_y": null, "focal_point_width": null, "focal_point_height": null, "file_size": null}}, {"model": "wagtailcore.page", "pk": 1, "fields": {"path": "0001", "depth": 1, "numchild": 1, "title": "Root", "draft_title": "Root", "slug": "root", "content_type": 1, "live": true, "has_unpublished_changes": false, "url_path": "/", "owner": null, "seo_title": "", "show_in_menus": false, "search_description": "", "go_live_at": null, "expire_at": null, "expired": false, "locked": false, "first_published_at": null, "last_published_at": null, "latest_revision_created_at": null, "live_revision": null}}, {"model": "wagtailcore.page", "pk": 3, "fields": {"path": "00010002", "depth": 2, "numchild": 3, "title": "Home", "draft_title": "Home", "slug": "index", "content_type": 29, "live": true, "has_unpublished_changes": false, "url_path": "/index/", "owner": 1, "seo_title": "Home", "show_in_menus": false, "search_description": "", "go_live_at": null, "expire_at": null, "expired": false, "locked": false, "first_published_at": "2018-01-08T14:17:42.129Z", "last_published_at": "2018-01-08T14:17:42.129Z", "latest_revision_created_at": "2018-01-08T14:17:42.091Z", "live_revision": 1}}, {"model": "wagtailcore.page", "pk": 4, "fields": {"path": "000100020001", "depth": 3, "numchild": 0, "title": "Blog", "draft_title": "Blog", "slug": "blogs", "content_type": 36, "live": true, "has_unpublished_changes": false, "url_path": "/index/blogs/", "owner": 1, "seo_title": "Blogs", "show_in_menus": true, "search_description": "", "go_live_at": null, "expire_at": null, "expired": false, "locked": false, "first_published_at": "2018-01-08T14:18:17.915Z", "last_published_at": "2018-01-08T14:18:17.915Z", "latest_revision_created_at": "2018-01-08T14:18:17.892Z", "live_revision": 2}}, {"model": "wagtailcore.page", "pk": 5, "fields": {"path": "000100020002", "depth": 3, "numchild": 0, "title": "Stories", "draft_title": "Stories", "slug": "stories", "content_type": 38, "live": true, "has_unpublished_changes": false, "url_path": "/index/stories/", "owner": 1, "seo_title": "Stories", "show_in_menus": true, "search_description": "", "go_live_at": null, "expire_at": null, "expired": false, "locked": false, "first_published_at": "2018-01-08T14:18:33.243Z", "last_published_at": "2018-01-08T14:18:33.243Z", "latest_revision_created_at": "2018-01-08T14:18:33.204Z", "live_revision": 3}}, {"model": "wagtailcore.page", "pk": 6, "fields": {"path": "000100020003", "depth": 3, "numchild": 1, "title": "About", "draft_title": "About", "slug": "about", "content_type": 28, "live": true, "has_unpublished_changes": false, "url_path": "/index/about/", "owner": 1, "seo_title": "About", "show_in_menus": true, "search_description": "", "go_live_at": null, "expire_at": null, "expired": false, "locked": false, "first_published_at": "2018-01-08T14:18:49.183Z", "last_published_at": "2018-01-08T14:18:49.183Z", "latest_revision_created_at": "2018-01-08T14:18:49.160Z", "live_revision": 4}}, {"model": "wagtailcore.page", "pk": 7, "fields": {"path": "0001000200030001", "depth": 4, "numchild": 0, "title": "Author page", "draft_title": "Author page", "slug": "author", "content_type": 27, "live": true, "has_unpublished_changes": false, "url_path": "/index/about/author/", "owner": 1, "seo_title": "About the author", "show_in_menus": false, "search_description": "", "go_live_at": null, "expire_at": null, "expired": false, "locked": false, "first_published_at": "2018-01-08T14:19:10.716Z", "last_published_at": "2018-01-08T14:19:10.716Z", "latest_revision_created_at": "2018-01-08T14:19:10.690Z", "live_revision": 5}}, {"model": "wagtailcore.pagerevision", "pk": 1, "fields": {"page": 3, "submitted_for_moderation": false, "created_at": "2018-01-08T14:17:42.091Z", "user": 1, "content_json": "{\"pk\": 3, \"path\": \"00010002\", \"depth\": 2, \"numchild\": 0, \"title\": \"Home\", \"draft_title\": \"Home\", \"slug\": \"index\", \"content_type\": 29, \"live\": true, \"has_unpublished_changes\": false, \"url_path\": \"/index/\", \"owner\": 1, \"seo_title\": \"Home\", \"show_in_menus\": false, \"search_description\": \"\", \"go_live_at\": null, \"expire_at\": null, \"expired\": false, \"locked\": false, \"first_published_at\": null, \"last_published_at\": null, \"latest_revision_created_at\": null, \"live_revision\": null, \"body\": \"\", \"image\": 1}", "approved_go_live_at": null}}, {"model": "wagtailcore.pagerevision", "pk": 2, "fields": {"page": 4, "submitted_for_moderation": false, "created_at": "2018-01-08T14:18:17.892Z", "user": 1, "content_json": "{\"pk\": 4, \"path\": \"000100020001\", \"depth\": 3, \"numchild\": 0, \"title\": \"Blog\", \"draft_title\": \"Blog\", \"slug\": \"blogs\", \"content_type\": 36, \"live\": true, \"has_unpublished_changes\": false, \"url_path\": \"/index/blogs/\", \"owner\": 1, \"seo_title\": \"Blogs\", \"show_in_menus\": true, \"search_description\": \"\", \"go_live_at\": null, \"expire_at\": null, \"expired\": false, \"locked\": false, \"first_published_at\": null, \"last_published_at\": null, \"latest_revision_created_at\": null, \"live_revision\": null, \"intro\": \"\"}", "approved_go_live_at": null}}, {"model": "wagtailcore.pagerevision", "pk": 3, "fields": {"page": 5, "submitted_for_moderation": false, "created_at": "2018-01-08T14:18:33.204Z", "user": 1, "content_json": "{\"pk\": 5, \"path\": \"000100020002\", \"depth\": 3, \"numchild\": 0, \"title\": \"Stories\", \"draft_title\": \"Stories\", \"slug\": \"stories\", \"content_type\": 38, \"live\": true, \"has_unpublished_changes\": false, \"url_path\": \"/index/stories/\", \"owner\": 1, \"seo_title\": \"Stories\", \"show_in_menus\": true, \"search_description\": \"\", \"go_live_at\": null, \"expire_at\": null, \"expired\": false, \"locked\": false, \"first_published_at\": null, \"last_published_at\": null, \"latest_revision_created_at\": null, \"live_revision\": null, \"intro\": \"\"}", "approved_go_live_at": null}}, {"model": "wagtailcore.pagerevision", "pk": 4, "fields": {"page": 6, "submitted_for_moderation": false, "created_at": "2018-01-08T14:18:49.160Z", "user": 1, "content_json": "{\"pk\": 6, \"path\": \"000100020003\", \"depth\": 3, \"numchild\": 0, \"title\": \"About\", \"draft_title\": \"About\", \"slug\": \"about\", \"content_type\": 28, \"live\": true, \"has_unpublished_changes\": false, \"url_path\": \"/index/about/\", \"owner\": 1, \"seo_title\": \"About\", \"show_in_menus\": true, \"search_description\": \"\", \"go_live_at\": null, \"expire_at\": null, \"expired\": false, \"locked\": false, \"first_published_at\": null, \"last_published_at\": null, \"latest_revision_created_at\": null, \"live_revision\": null, \"intro\": \"\", \"body\": \"\"}", "approved_go_live_at": null}}, {"model": "wagtailcore.pagerevision", "pk": 5, "fields": {"page": 7, "submitted_for_moderation": false, "created_at": "2018-01-08T14:19:10.690Z", "user": 1, "content_json": "{\"pk\": 7, \"path\": \"0001000200030001\", \"depth\": 4, \"numchild\": 0, \"title\": \"Author page\", \"draft_title\": \"Author page\", \"slug\": \"author\", \"content_type\": 27, \"live\": true, \"has_unpublished_changes\": false, \"url_path\": \"/index/about/author/\", \"owner\": 1, \"seo_title\": \"About the author\", \"show_in_menus\": false, \"search_description\": \"\", \"go_live_at\": null, \"expire_at\": null, \"expired\": false, \"locked\": false, \"first_published_at\": null, \"last_published_at\": null, \"latest_revision_created_at\": null, \"live_revision\": null, \"intro\": \"\", \"image\": \"\"}", "approved_go_live_at": null}}, {"model": "wagtailcore.grouppagepermission", "pk": 1, "fields": {"group": 1, "page": 1, "permission_type": "add"}}, {"model": "wagtailcore.grouppagepermission", "pk": 2, "fields": {"group": 1, "page": 1, "permission_type": "edit"}}, {"model": "wagtailcore.grouppagepermission", "pk": 3, "fields": {"group": 1, "page": 1, "permission_type": "publish"}}, {"model": "wagtailcore.grouppagepermission", "pk": 4, "fields": {"group": 2, "page": 1, "permission_type": "add"}}, {"model": "wagtailcore.grouppagepermission", "pk": 5, "fields": {"group": 2, "page": 1, "permission_type": "edit"}}, {"model": "wagtailcore.grouppagepermission", "pk": 6, "fields": {"group": 1, "page": 1, "permission_type": "lock"}}, {"model": "wagtailcore.groupcollectionpermission", "pk": 1, "fields": {"group": 2, "collection": 1, "permission": 1}}, {"model": "wagtailcore.groupcollectionpermission", "pk": 2, "fields": {"group": 1, "collection": 1, "permission": 1}}, {"model": "wagtailcore.groupcollectionpermission", "pk": 3, "fields": {"group": 2, "collection": 1, "permission": 2}}, {"model": "wagtailcore.groupcollectionpermission", "pk": 4, "fields": {"group": 1, "collection": 1, "permission": 2}}, {"model": "wagtailcore.groupcollectionpermission", "pk": 5, "fields": {"group": 2, "collection": 1, "permission": 5}}, {"model": "wagtailcore.groupcollectionpermission", "pk": 6, "fields": {"group": 1, "collection": 1, "permission": 5}}, {"model": "wagtailcore.groupcollectionpermission", "pk": 7, "fields": {"group": 2, "collection": 1, "permission": 6}}, {"model": "wagtailcore.groupcollectionpermission", "pk": 8, "fields": {"group": 1, "collection": 1, "permission": 6}}, {"model": "blacktail.aboutpage", "pk": 6, "fields": {"intro": "", "body": ""}}, {"model": "blacktail.authorpage", "pk": 7, "fields": {"intro": "", "image": ""}}, {"model": "blacktail.blogindex", "pk": 4, "fields": {"intro": ""}}, {"model": "blacktail.storiesindex", "pk": 5, "fields": {"intro": ""}}, {"model": "blacktail.homepage", "pk": 3, "fields": {"body": "", "image": 1}}]