[{"model": "taggit.tag", "pk": 1, "fields": {"name": "theblacksea", "slug": "theblacksea"}}, {"model": "contenttypes.contenttype", "pk": 1, "fields": {"app_label": "wagtailcore", "model": "page"}}, {"model": "contenttypes.contenttype", "pk": 2, "fields": {"app_label": "wagtailimages", "model": "image"}}, {"model": "contenttypes.contenttype", "pk": 3, "fields": {"app_label": "wagtailadmin", "model": "admin"}}, {"model": "contenttypes.contenttype", "pk": 4, "fields": {"app_label": "wagtaildocs", "model": "document"}}, {"model": "contenttypes.contenttype", "pk": 5, "fields": {"app_label": "taggit", "model": "tag"}}, {"model": "contenttypes.contenttype", "pk": 6, "fields": {"app_label": "taggit", "model": "taggeditem"}}, {"model": "contenttypes.contenttype", "pk": 7, "fields": {"app_label": "admin", "model": "logentry"}}, {"model": "contenttypes.contenttype", "pk": 8, "fields": {"app_label": "auth", "model": "permission"}}, {"model": "contenttypes.contenttype", "pk": 9, "fields": {"app_label": "auth", "model": "group"}}, {"model": "contenttypes.contenttype", "pk": 10, "fields": {"app_label": "auth", "model": "user"}}, {"model": "contenttypes.contenttype", "pk": 11, "fields": {"app_label": "contenttypes", "model": "contenttype"}}, {"model": "contenttypes.contenttype", "pk": 12, "fields": {"app_label": "sessions", "model": "session"}}, {"model": "contenttypes.contenttype", "pk": 13, "fields": {"app_label": "wagtailforms", "model": "formsubmission"}}, {"model": "contenttypes.contenttype", "pk": 14, "fields": {"app_label": "wagtailredirects", "model": "redirect"}}, {"model": "contenttypes.contenttype", "pk": 15, "fields": {"app_label": "wagtailembeds", "model": "embed"}}, {"model": "contenttypes.contenttype", "pk": 16, "fields": {"app_label": "wagtailusers", "model": "userprofile"}}, {"model": "contenttypes.contenttype", "pk": 17, "fields": {"app_label": "wagtailimages", "model": "rendition"}}, {"model": "contenttypes.contenttype", "pk": 18, "fields": {"app_label": "wagtailsearch", "model": "query"}}, {"model": "contenttypes.contenttype", "pk": 19, "fields": {"app_label": "wagtailsearch", "model": "querydailyhits"}}, {"model": "contenttypes.contenttype", "pk": 20, "fields": {"app_label": "wagtailcore", "model": "grouppagepermission"}}, {"model": "contenttypes.contenttype", "pk": 21, "fields": {"app_label": "wagtailcore", "model": "pagerevision"}}, {"model": "contenttypes.contenttype", "pk": 22, "fields": {"app_label": "wagtailcore", "model": "pageviewrestriction"}}, {"model": "contenttypes.contenttype", "pk": 23, "fields": {"app_label": "wagtailcore", "model": "site"}}, {"model": "contenttypes.contenttype", "pk": 24, "fields": {"app_label": "wagtailcore", "model": "collection"}}, {"model": "contenttypes.contenttype", "pk": 25, "fields": {"app_label": "wagtailcore", "model": "groupcollectionpermission"}}, {"model": "contenttypes.contenttype", "pk": 26, "fields": {"app_label": "wagtailcore", "model": "collectionviewrestriction"}}, {"model": "contenttypes.contenttype", "pk": 27, "fields": {"app_label": "blacktail", "model": "authorpage"}}, {"model": "contenttypes.contenttype", "pk": 28, "fields": {"app_label": "blacktail", "model": "aboutpage"}}, {"model": "contenttypes.contenttype", "pk": 29, "fields": {"app_label": "blacktail", "model": "homepage"}}, {"model": "contenttypes.contenttype", "pk": 30, "fields": {"app_label": "blacktail", "model": "staticpage"}}, {"model": "contenttypes.contenttype", "pk": 31, "fields": {"app_label": "blacktail", "model": "author"}}, {"model": "contenttypes.contenttype", "pk": 32, "fields": {"app_label": "blacktail", "model": "storytype"}}, {"model": "contenttypes.contenttype", "pk": 33, "fields": {"app_label": "blacktail", "model": "storydossier"}}, {"model": "contenttypes.contenttype", "pk": 34, "fields": {"app_label": "blacktail", "model": "story"}}, {"model": "contenttypes.contenttype", "pk": 35, "fields": {"app_label": "blacktail", "model": "storytag"}}, {"model": "contenttypes.contenttype", "pk": 36, "fields": {"app_label": "blacktail", "model": "blogindex"}}, {"model": "contenttypes.contenttype", "pk": 37, "fields": {"app_label": "blacktail", "model": "blogpost"}}, {"model": "contenttypes.contenttype", "pk": 38, "fields": {"app_label": "blacktail", "model": "storiesindex"}}, {"model": "contenttypes.contenttype", "pk": 39, "fields": {"app_label": "blacktail", "model": "storylocation"}}, {"model": "contenttypes.contenttype", "pk": 40, "fields": {"app_label": "blacktail", "model": "storytemplate"}}, {"model": "sessions.session", "pk": "roa3v4j20njlqm3s9r3ypki58vo9j180", "fields": {"session_data": "Nzg4YWQ0OGY3NjgwMDZmMjJhYmQyYmFjYjYzZjQ0ZDZmNTQxYmQ4Njp7Il9hdXRoX3VzZXJfaWQiOiIxIiwiX2F1dGhfdXNlcl9iYWNrZW5kIjoiZGphbmdvLmNvbnRyaWIuYXV0aC5iYWNrZW5kcy5Nb2RlbEJhY2tlbmQiLCJfYXV0aF91c2VyX2hhc2giOiJjMGRhNjQzYWY0OGFhOTg2NGMwYTljOGQ5MTdiZGJmMmY1ODUxOWViIn0=", "expire_date": "2018-01-22T14:16:14.080Z"}}, {"model": "wagtailimages.rendition", "pk": 1, "fields": {"filter_spec": "max-165x165", "file": "images/thumbnail_1_VW0Mefq.max-165x165.jpg", "width": 165, "height": 60, "focal_point_key": "", "image": 1}}, {"model": "wagtailcore.site", "pk": 1, "fields": {"hostname": "dev.theblacksea.eu", "port": 80, "site_name": "The Black Sea", "root_page": 3, "is_default_site": true}}, {"model": "wagtailcore.collection", "pk": 1, "fields": {"path": "0001", "depth": 1, "numchild": 3, "name": "Root"}}, {"model": "wagtailcore.collection", "pk": 2, "fields": {"path": "00010001", "depth": 2, "numchild": 0, "name": "icons"}}, {"model": "wagtailcore.collection", "pk": 3, "fields": {"path": "00010002", "depth": 2, "numchild": 0, "name": "authors"}}, {"model": "wagtailcore.collection", "pk": 4, "fields": {"path": "00010003", "depth": 2, "numchild": 0, "name": "stories"}}, {"model": "blacktail.author", "pk": 1, "fields": {"name": "Victor Ni\u021bu", "occupation": "coder", "bio": "<p>Self-taught in the technology field, caught somewhere between hacking new bits of free software and UNIX systems administration and development.</p>\r\n\r\n<p>Since the involvement with <a href=\"http://www.ceata.org\" target=\"_blank\">Funda\u021bia Ceata</a>, been trying to fill the gaps between various professions, using software as a glue and The Sponge as a place to meet the necessities of others.</p>\r\n\r\n<p>He and Ioana Cristea built the <a href=\"http://omc.thesponge.eu/\" target=\"_blank\">Open Media Challenge</a> hackathon platform and the teams collaboration software.</p>\r\n\r\n<p>He currently is the CTO of Ceata and a volunteer in various free software projects.</p>", "url": "http://debian.org.ro", "email": "victor@debian.org.ro", "image": null}}, {"model": "blacktail.author", "pk": 2, "fields": {"name": "\u0218tefan C\u00e2ndea", "occupation": "journalist", "bio": "<p>Stefan Candea is a freelance journalist and co-founder in 2001 of the <a href=\"http://crji.theblacksea.eu/\" target=\"_blank\">Romanian Centre for Investigative Journalism</a> (CRJI), an investigative non-profit registered in Bucharest, Romania.</p>\r\n\r\n<p>He is the co-founder and coordinator of <a href=\"https://eic.network/\" target=\"_blank\">European Investigative Collaborations</a>, a network started late 2015. Stefan is also working on his PhD research with the University of Westminster, as an EIJC fellow, analyzing <a href=\"http://www.eijc.eu/cross-border-networks-for-investigative-journalism/\" target=\"_blank\">the structures of cross-border investigative networks</a>. &nbsp;&nbsp;</p>\r\n\r\n<p>Stefan started <a href=\"http://whtj.thesponge.eu/\" target=\"_blank\">Sponge</a>, an open and collaborative media innovation Lab for Eastern Europe. The Lab created this in-depth magazine, a lifeboat for journalism in the region.</p>\r\n\r\n<p>He teaches investigative journalism at Bucharest University and was the 2011 Carroll Binder <a href=\"http://www.nieman.harvard.edu/Microsites/2010AnnualReport/ClassOf2011.aspx\" target=\"_blank\">Nieman Fellow at Harvard University</a>.</p>\r\n\r\n<p>Between 2012 and mid 2013 <a href=\"http://www.icij.org/blog/2013/05/notes-long-distance-investigation\" target=\"_blank\">Stefan coordinated, on behalf of CRJI</a>, the <a href=\"https://www.icij.org/blog/2013/05/notes-long-distance-investigation\" target=\"_blank\">ICIJ Eastern Europe research and reporting Hub</a> for the Offshore Leaks Project. &quot;<a href=\"http://www.icij.org/offshore/about-project-secrecy-sale\" target=\"_blank\">Secrecy for Sale: Inside the Global Offshore Money Maze</a>&quot; was probably the largest cross-border investigative reporting collaboration in history and has been cited more than 25,000 times by other media organizations around the world.</p>\r\n\r\n<p>Since March 2001, he has been a correspondent for Reporters sans Frontieres in Romania.</p>\r\n\r\n<p>Candea is a member of International Consortium for Investigative Journalism and has won several awards including the IRE Tom Renner Award, the Overseas Press Club of America Award for online journalism.</p>\r\n\r\n<p>He worked for Deutsche Welle, for print, radio, TV and online and he did freelance research and production work for several foreign media outlets, including the BBC, Channel 4, ITN, ZDF, and Canal Plus.</p>\r\n\r\n<p>Other investigations by Candea have included the international arms trade, illegal international adoption, an investigation of the separatist region of Trans-Dniester and the diamond business in Romania.</p>\r\n\r\n<p>He started as an investigative journalist for the Evenimentul Zilei newspaper in Bucharest, in 1999, where he covered the connections between international organized crime networks and high-ranking politicians and public servants. One article showed the links between La Cosa Nostra and associates of the Romanian president and the foreign secret service director.</p>", "url": "www.crji.org", "email": "candea@eic.network", "image": null}}, {"model": "blacktail.author", "pk": 3, "fields": {"name": "Petrut Calinescu", "occupation": "photojournalist, Black Sea photo Editor", "bio": "<p>I was born in&nbsp;<span style=\"line-height: 1.6em;\">Constanta</span><span style=\"line-height: 1.6em;\">,&nbsp;</span><span style=\"line-height: 1.6em;\">at the Black Sea. Eversince I was a kid, lying on the beach, I was dying to find out what was happening on the other side of the sea. Years have passed, and in the meantime I have worked as a photographer for various Romanian newspapers and magazines. I am a freelancer since 5 years now, and it is not necessarily that I want this, but I work for the international mass-media more often than for the local media. A list of the recent publications can be seen right here. I am supported in finding clients for photos by the following agencies: </span><a href=\"http://www.panos.co.uk/\" style=\"line-height: 1.6em;\" target=\"_blank\">Panos Pictures</a><span style=\"line-height: 1.6em;\">, </span><a href=\"http://globalassignment.gettyimages.com/#find-a-photographer\" style=\"line-height: 1.6em;\" target=\"_blank\">Getty Images</a><span style=\"line-height: 1.6em;\">, </span><a href=\"http://www.shoottheearth.com/\" style=\"line-height: 1.6em;\" target=\"_blank\">Shoot the Earth</a><span style=\"line-height: 1.6em;\">. I have earned several photography awards, I&rsquo;ve had numerous group exhibitions &ndash; in June 2010 I am exhibiting my photos in Germany, within the </span><a href=\"http://www.fotofestival-hannover.de/ausstellungen.html?&amp;L=1\" style=\"line-height: 1.6em;\" target=\"_blank\">Lumix Festival for Young Photojournalism</a><span style=\"line-height: 1.6em;\">. Personal photographic projects in Kenya, India, Bolivia, Afghanistan, Egipt, Romania &ndash; they may be seen on my site, www-petrut-calinescu.com.</span></p>", "url": "www.petrut-calinescu.com", "email": "petrut@petrut-calinescu.com", "image": null}}, {"model": "blacktail.author", "pk": 4, "fields": {"name": "Alex Ulmanu", "occupation": "journalist", "bio": "<p>I strive to find new ways to tell stories. That&#39;s why, although I love writing, I&#39;ve also embraced DSLR video, and I have been into&nbsp;podcasting, audio slideshows and various tools that help us reach audiences that are diverse and engaged.</p>\r\n\r\n<p>Besides being a writer and multimedia journalist, I am also a trainer. For the Black Sea project, my focus is on the impact of religious differences on people&#39;s lives. My reporting has been supported in part through a generous grant from the International Reporting Project.</p>", "url": "jurnalismonline.ro", "email": "bradutz@gmail.com", "image": null}}, {"model": "blacktail.author", "pk": 5, "fields": {"name": "Monica Ulmanu", "occupation": "GRAPHICS JOURNALIST", "bio": "<p>Monica Ulmanu is a freelance graphics journalist currently&nbsp;working from her home town,&nbsp;Bucharest. Before returning to Romania, she worked for <a href=\"http://bostonglobe.com\" target=\"_blank\">The Boston Globe</a> and <a href=\"http://nytimes.com\" target=\"_blank\">The New York Times</a>. Also studied hard as a Tar Heel and earned a master&#39;s degree in visual communication at the <a href=\"http://jomc.unc.edu\" target=\"_blank\">School of Journalism and Mass Communication, University of North Carolina at Chapel Hill</a>.</p>\r\n\r\n<p>She worked on the design and usability of TheBlackSea.eu website, with the desire to create engaging opportunities for the team of journalists to display their multimedia work.</p>\r\n\r\n<p>You can find her on Twitter as <a href=\"http://twitter.com/monicaulmanu\" target=\"_blank\">@monicaulmanu</a>.</p>", "url": "MONICAULMA.NU", "email": "ulmonica@gmail.com", "image": null}}, {"model": "blacktail.author", "pk": 6, "fields": {"name": "Cristea Ioana", "occupation": "coder", "bio": "<p>Self-trained as web platforms coder, she co-founded a free software developing<br />\r\ncompany and got involved in various tech projects within The Sponge portfolio.</p>\r\n\r\n<p><br />\r\nThe most recent projects count The Black Sea publishing platform (still in<br />\r\ndevelopment) and a PHP framework (still in development / standardization /<br />\r\ndocumentation process).</p>", "url": "serenitymedia.ro", "email": "ioana@serenitymedia.ro", "image": null}}, {"model": "blacktail.author", "pk": 7, "fields": {"name": "Michael Bird", "occupation": "Journalist", "bio": "<p>&nbsp;</p>\r\n\r\n<p>UK-born Michael Bird has been in love with eastern Europe ever since watching Elton John&#39;s video for &#39;Nikita&#39; and falling for the border guard with<a href=\"http://www.youtube.com/watch?v=XT4UouizVlI&amp;feature=kp\"> &#39;eyes like ice on fire&#39;.</a></p>\r\n\r\n<p>After travelling extensively through the ex-Communist region during the 1990s in search of this woman - in vain - he settled in Bucharest, where he is now a journalist, writer and TV presenter&nbsp;who specialises in long-form features on major social, political and business issues in southeast Europe.</p>\r\n\r\n<p>For The Black Sea he has travelled to Ukraine, Romania, Georgia and Moldova to investigate the impact of problem drug use on fragile economies, including recording the stories of addicts and survivors of substance abuse.</p>\r\n\r\n<p>For his work for The Black Sea&nbsp;covering the&nbsp;<a href=\"http://theblacksea.eu/index.php?idT=88&amp;idC=88&amp;idRec=1192&amp;recType=multimedia\">HIV epidemic in eastern Europe</a>, he is winner of the&nbsp;<a href=\"http://journalism.cmpf.eui.eu/award/\">2014 Award for Best Initiatives of European Online Investigative Journalism</a>,&nbsp;Robert&nbsp;Schuman&nbsp;Centre for Advanced Studies (European University Institute, Florence, Italy).</p>\r\n\r\n<p>Major projects he has worked on include<a data-mce-href=\"http://www.theblacksea.eu/football-leaks/\" href=\"http://www.theblacksea.eu/football-leaks/\" target=\"_blank\">&nbsp;Football Leaks</a>&nbsp;in 2016/2017. This is&nbsp;a series of articles from the largest leak in sports history undertaken in a cross-border project with&nbsp;<a data-mce-href=\"https://eic.network/\" href=\"https://eic.network/\">European Investigative Collaborations</a>&nbsp;spanning 14 countries, leading national media outlets and over 60 journalists. In 2016, he has also worked on&nbsp;<a data-mce-href=\"http://theblacksea.eu/eurocrimes/\" href=\"http://theblacksea.eu/eurocrimes/\">Eurocrimes</a>, a data journalism project revealing the nationalities of criminals in 25 EU countries.</p>\r\n\r\n<p>Previously his work has appeared in the Independent on Sunday, Politico, Tagesspiegel, Ukraine Today, Design Week, the New Statesman, EU Observer, Druglink magazine, Business Insider, The Diplomat - Bucharest and throughout the national press of Romania and the Republic of Moldova. He has reported for Deutsche Welle, and been interviewed on Romanian protests in 2017 for the BBC and Al Jazeera.</p>\r\n\r\n<p>Twitter: @MichaelBirdUK</p>", "url": "http://michaelbirdjournalist.wordpress.com/", "email": "michaeljamesbird@gmail.com", "image": null}}, {"model": "blacktail.author", "pk": 8, "fields": {"name": "Vlad Ursulean", "occupation": "Journalist", "bio": "<div><font face=\"arial, sans-serif\">In high school in Romania, I started a magazine that ended up in a great scandal and almost got me expelled. This experience was so intriguing that I went on to study journalism and write for newspapers and magazines.</font></div>\r\n\r\n<div><font face=\"arial, sans-serif\">I am now a freelancer working on features and investigations about deep issues in Romania. I live in Casa Jurnalistului, an independent journalism collective space in Bucharest.</font></div>", "url": "http://casajurnalistului.ro/", "email": "", "image": null}}, {"model": "blacktail.author", "pk": 9, "fields": {"name": "Adrian Mogo\u0219", "occupation": "Journalist", "bio": "<p>Journalist Adrian Mogos is currently the head of investigations at the Bucharest daily Jurnalul National.</p>\r\n\r\n<p>Previously he was a writer for Romanian newspaper Evenimentul Zilei&nbsp;in Bucharest and a weekly magazine in Timisoara.</p>\r\n\r\n<p>He is a member of the Romanian Center for Investigative Journalism and was a fellow at Balkan Fellowship for Journalistic Excellence.</p>\r\n\r\n<p>His reporting on social issues, illegal deforestation, organized crime and corruption has been cited by judges of the Global Shining Light Award, Kurt Schork Award and CEI-SEEMO Award. One of the stories he supervised, on modern slavery, was included in the UNESCO&nbsp;Global Casebook for Investigative Journalism.</p>", "url": "", "email": "", "image": null}}, {"model": "blacktail.author", "pk": 10, "fields": {"name": "Sorin Ozon", "occupation": "Journalist", "bio": "<div>Sorin Ozon is a freelance journalist and a co-founder of the Romanian Centre for Investigative Journalism (CRJI). He was director of the CRJI from 2001 until 2011.</div>\r\n\r\n<div>As an investigative journalist he has written about connections between cross-border networks of organized crime and high level politicians and public functionaries. A series of articles he has written show links between Sicilian crime syndicate Cosa Nostra and associates of the former President of Romania and former director of the Romanian foreign secret service, the SIE.</div>\r\n\r\n<div>He began working as a reporter in 1992 at daily newspaper Ora. He has been chief of the investigative department at Romanian dailies Jurnalul National and Evenimentul Zilei. At Jurnalul, he was also deputy editor. Sorin worked as a special reporter at satirical weekly Academia Catavencu and at Evenimentul Zilei.</div>\r\n\r\n<div>&nbsp;</div>", "url": "", "email": "", "image": null}}, {"model": "blacktail.author", "pk": 11, "fields": {"name": "Vlad Odobescu", "occupation": "journalist", "bio": "<p dir=\"ltr\">I&#39;m a freelance features writer, recently converted to investigative journalism. For five years, until mid-2011, I was special correspondent for bestselling Romanian newspaper Evenimentul zilei.</p>\r\n\r\n<p dir=\"ltr\">During my work as a correspondent there, I covered mainly social subjects usually labeled as marginal by mainstream media. For one of my stories, I was awarded the best feature writing in 2011 by the Romanian Press Club. In January 2012, I won the &#39;European Reporter 2011&#39;, competition organized by The Representation of the European Commission and the European Parliament Information Office in Romania.</p>\r\n\r\n<p>In December 2011, I became a member of The Romanian Centre for Investigative Journalism. After a nine months experience as an editor for the Romanian portal of Yahoo! News Romania, I started a freelance career. My stories have been published by media outlets such as USA Today, Bloomberg BNA and Dilema Veche. Between January and March 2013, I worked as a reporter-in-residence with The New England Center for Investigative Reporting (NECIR) in Boston. For the last few months, The Balkan Fellowship for Journalistic Excellence, awarded by The Balkan Investigative Reporting Network (BIRN), was the perfect continuation of this learning experience.</p>", "url": "odobescu.casajurnalistului.ro", "email": "vlad.odobescu@gmail.com", "image": null}}, {"model": "blacktail.author", "pk": 12, "fields": {"name": "alecs candea", "occupation": "designer", "bio": "", "url": "", "email": "alecscandea@gmail.com", "image": null}}, {"model": "blacktail.author", "pk": 13, "fields": {"name": "Dimiter Kenarov", "occupation": "Journalist", "bio": "<p>Dimiter Kenarov is a freelance journalist, poet, literary critic, translator &ndash; a writer, really. He was born and raised in Sofia, Bulgaria, studied in the United States (Middlebury College; University of California &ndash; Berkeley), and now lives on the road, but mostly in Istanbul, Turkey, where he shuttles back and forth between two continents and drinks lots of tea. He is the author of two collections of Bulgarian poetry and a book of translations of the selected poems of Elizabeth Bishop. His English-language writing has appeared in <em>Esquire</em>, <em>Outside</em>, <em>The Nation</em>, <em>Foreign Policy</em>,&nbsp;<em>Boston Review</em>, <em>The International Herald Tribune</em>, <em>The</em> <em>Virginia Quarterly Review,</em>&nbsp;and&nbsp;<em>The</em> <em>Pulitzer Center on Crisis Reporting</em>, among many others. His work has also been anthologized three times in <em>The Best American Travel Writing</em> (2009; 2012; 2013) and has been twice labeled &ldquo;notable&rdquo; in <em>The Best American Non-Required Reading</em>. He is a member of The Association of European Journalists &ndash; Bulgaria.</p>", "url": "http://dimiterkenarov.com/", "email": "kenarov@gmail.com", "image": null}}, {"model": "blacktail.author", "pk": 14, "fields": {"name": "Vlad Lavrov", "occupation": "journalist", "bio": "", "url": "", "email": "vlad@lavrov.com", "image": null}}, {"model": "blacktail.author", "pk": 15, "fields": {"name": "Lina Vdov\u00eei", "occupation": "journalist", "bio": "<p>I am a Moldovan-born journalist with experience in investigative journalism, narrative journalism and new media.&nbsp;I started working as a reporter&nbsp;in 2008 for Opinia Studenteasca in Iasi, Romania. Before moving to Bucharest, where I work as&nbsp;online editor for Romanian Public Television, I participated in the project CNN iReport University and received one of the European scholarships for journalists, offered by Freedom House Romania.&nbsp;</p>\r\n\r\n<p>In December&nbsp;2012, I joined&nbsp;Romanian Centre for Investigative Journalism.&nbsp;My&nbsp;articles were published in outlets such as Dilema Veche, Decat o Revista, The Industry, Courrier International and Euobserver.com.</p>", "url": "", "email": "linavdovii@gmail.com", "image": null}}, {"model": "blacktail.author", "pk": 16, "fields": {"name": "Kristine Aghalaryan", "occupation": "journalist", "bio": "<div>\r\n<p>Kristine Aghalaryan is a journalist working for the NGO the Investigative Journalists of Armenia, which publishes the online magazine Investigative <a href=\"http://www.hetq.am\">www.hetq.am</a> (hetq means footprint in Armenian).</p>\r\n\r\n<p>She covers social, legal and mostly environmental issues. In 2012 she won a contest &#39;Sustainable Energy for All&#39; organized by UNDP/GEF for an environmental investigative story on small hydro-electric plants and the owners of the plant.&nbsp;&nbsp;</p>\r\n</div>", "url": "http://hetq.am/eng/", "email": "kristine.a@hetq.am", "image": null}}, {"model": "blacktail.author", "pk": 17, "fields": {"name": "Ioana Calinescu", "occupation": "journalist, communication", "bio": "", "url": "", "email": "ihcalinescu@gmail.com", "image": null}}, {"model": "blacktail.author", "pk": 18, "fields": {"name": "Grisha Balasanyan", "occupation": "journalist", "bio": "<p>Grisha Balasanyan is a journalist working for the NGO the Investigative Journalists of Armenia and Hetq (ww.hetq.am). He covers social, political and legal issues. In 2013 he won the journalism prize on &ldquo;Judicial Amendments&rdquo; implemented in Armenia.</p>\r\n\r\n<p>Grisha Balasanyan is a lawyer and a member of Chamber of Advocates of the Republic of Armenia.</p>", "url": "", "email": "", "image": null}}, {"model": "blacktail.author", "pk": 19, "fields": {"name": "Crina Boros", "occupation": "journalist", "bio": "<p>Romanian Crina Boros is an investigative journalist reporting on HSBC leaks, UK and offshore money-laundering, Afghan victims&rsquo; compensation, women&rsquo;s rights, EU lobbying, workers&rsquo; abuse, conflict of interest and lobby.</p>\r\n\r\n<p>She specializes in Freedom of Information and data-driven stories and has reported for Thomson Reuters Foundation, BBC, Exaro News, The Centre for Investigative Journalism and OffshoreAlert.</p>\r\n\r\n<p>She also conducts training in computer-assisted reporting. Member of Investigative Reporters and Editors (IRE).</p>", "url": "", "email": "crinaboros@hushmail.com", "image": null}}, {"model": "blacktail.author", "pk": 20, "fields": {"name": "Caelainn Barr", "occupation": "journalist", "bio": "<p>Caelainn Barr is an Irish journalist based in New York. She is currently a Stabile investigative fellow at the Columbia Graduate School of Journalism and has worked at the Bureau of Investigative Journalism in London. Her work has been published in the Financial Times, the Guardian, The Independent and The Irish Times and broadcast on BBC Newsnight.</p>", "url": "", "email": "", "image": null}}, {"model": "blacktail.author", "pk": 21, "fields": {"name": "Elena Lomor\u0103", "occupation": "reporter", "bio": "<p>Elena Lomora is a Master&#39;s Student in political science and Russian and East European Studies at the University of Helsinki. She is interested in the conditions of women in the former communist countries.</p>\r\n\r\n<p>Elena is now writing her thesis about the representation of women in Romanian high school textbooks and writes for the Black Sea as part of an Erasmus work placement scholarship.</p>\r\n\r\n<p>For this project, she has been working out of the cities of Cluj-Napoca and Bucharest, Romania.</p>\r\n\r\n<p>&nbsp;</p>", "url": "", "email": "elena.lomora@helsinki.fi", "image": null}}, {"model": "blacktail.author", "pk": 22, "fields": {"name": "Andrei Cotru\u021b", "occupation": "illustrator", "bio": "", "url": "http://krank-crabs.tumblr.com/", "email": "andreicotrut@rocketmail.com", "image": null}}, {"model": "blacktail.author", "pk": 23, "fields": {"name": "Annina Lehmann", "occupation": "journalist", "bio": "<p>Annina Lehmann currently lives and works in Tbilisi. After receiving a BA in Politics, Philosophy and Economics from the University of Oxford in 2011, she went on to complete an MA in Comparative Literature at Goldsmiths College, University of London. Since then she has spent time in Romania and the Caucasus, writing and researching stories relating to marginalised communities, drug policy as well as national and cultural identity. In addition to writing, she makes short films and installations.</p>", "url": "https://vimeo.com/annina", "email": "anninalehmann@gmail.com", "image": null}}, {"model": "blacktail.author", "pk": 24, "fields": {"name": "Tako Robakidze", "occupation": "journalist", "bio": "<p>Tako Robakidze was born in 1987 in Tbilisi. In 2008 she graduated from Tbilisi State University faculty of Law. She took a master&#39;s degree in journalism at Caucasus University School of Media. From 2004 to 2008 she studied at the documentary photography studio &ldquo;Sepia&rdquo;. Since June 2014 she is a co-founder and member of the Georgian photo agency ERROR IMAGES.</p>", "url": "", "email": "takoroba@gmail.com", "image": null}}, {"model": "blacktail.author", "pk": 25, "fields": {"name": "Rina Soloveitchik", "occupation": "journalist", "bio": "<p>Rina Soloveitchik holds a BA in Politics, Philosophy and Economics from the University of Oxford and an MSc in Human Rights from the London School of Economics and Political Science. Currently she works for the Europe and Central Asia Program of a major international organization and as a freelance journalist. Her articles appeared in Moscow Times, Kyiv Post, Vice News and The International Security Observer. Based in London she frequently travels to Kyiv, Moscow and Tbilisi.</p>", "url": "", "email": "rina.soloveitchik@gmail.com", "image": null}}, {"model": "blacktail.author", "pk": 26, "fields": {"name": "Craig Shaw", "occupation": "journalist", "bio": "<p>Craig Shaw&nbsp;is a British journalist and former Bertha Fellow at the <a href=\"http://tcij.org/\" target=\"_blank\">Centre for Investigative Journalism</a> in London.&nbsp;</p>\r\n\r\n<p>Specialising in corruption, human rights issues, his work has featured in leading media such as The Guardian, The&nbsp;Sunday Times, L&rsquo;Espresso, Expresso, De Correspondent and others. He often works on cross-border investigations, including the European Investigative Collaborations&#39; <a href=\"https://eic.network/projects/football-leaks\" target=\"_blank\">Football Leaks</a> project -&nbsp; for The Black Sea -, ICIJ&#39;s <a href=\"https://www.icij.org/offshore\" target=\"_blank\">Offshore Leaks</a>, and <a href=\"http://journalismfund.eu/MafiaInAfrica\" target=\"_blank\"><em>Mafia in Africa</em></a>, and <a href=\"http://www.journalismfund.eu/mafiainafrica2\" target=\"_blank\"><em>Mafia in Africa 2</em></a>.</p>\r\n\r\n<p>He also produces stories on Turkey for The Black Sea and other outlets.</p>\r\n\r\n<p>Twitter: <a href=\"http://twitter.com/cpshaw\" target=\"_blank\">@cpshaw</a></p>", "url": "", "email": "cpshaw@hotmail.co.uk", "image": null}}, {"model": "blacktail.author", "pk": 27, "fields": {"name": "Roman Anin", "occupation": "journalist", "bio": "<p>Roman Anin is an award-winning Russian investigative reporter at Moscow-based weekly newspaper <em>Novaya Gazeta</em>.</p>\r\n\r\n<p>Specialising in government and military corruption, Anin has produced a series of reports into the assassination of business leaders by a criminal organisation, led by the son of General Vladimir Shamanov, head of Russia&rsquo;s Airborne Forces.&nbsp; He has also written about corruption among politicians and businessmen involved in construction contracts for the Sochi Olympic Games.</p>\r\n\r\n<div class=\"field field-name-body field-type-text-with-summary\r\n      field-label-hidden\">\r\n<div class=\"field-items\">\r\n<div class=\"field-item even\">\r\n<p>In 2013, Anin won the Knight International Journalism Award. The year before, he won the Artem Borovik award, the Youlian Semenov award and the Andrey Sakharov award. He is also a member of the International Consortium of Investigative Journalists.</p>\r\n</div>\r\n</div>\r\n</div>", "url": "", "email": "aninroman@gmail.com", "image": null}}, {"model": "blacktail.author", "pk": 28, "fields": {"name": "Ionut Dulamita", "occupation": "Illustrator", "bio": "", "url": "", "email": "ionut.dulamita@gmail.com", "image": null}}, {"model": "blacktail.author", "pk": 29, "fields": {"name": "Alex Morega", "occupation": "coder", "bio": "", "url": "", "email": "alex@grep.ro", "image": null}}, {"model": "blacktail.author", "pk": 30, "fields": {"name": "Nicoleta Banila", "occupation": "Designer, Journalist", "bio": "<p>Bucharest-based Nicoleta Banila has&nbsp;been writing for Romanian business newspaper&nbsp;Capital, English politics and economics&nbsp;magazine&nbsp;The Diplomat Bucharest&nbsp;and other media projects such as&nbsp;The Investigations Journal,&nbsp;Renne&nbsp;and&nbsp;Green Report.</p>\r\n\r\n<p>She is now working&nbsp;as a freelance journalist and full time web designer.</p>", "url": "", "email": "nicoleta.banila@gmail.com", "image": null}}, {"model": "blacktail.author", "pk": 32, "fields": {"name": "Claire Provost", "occupation": "Journalist", "bio": "<p>Claire Provost is an investigative journalist following the money in international aid and global development. She is currently a Bertha fellow at the Centre for Investigative Journalism in London, and was formerly four years at the Guardian.</p>\r\n\r\n<p>Provost&#39;s has published in The Guardian, The Independent, and International Business Times, among other publications, reporting on human rights, development, and the impacts of multinational corporations from more than a dozen countries, from El Salvador to Ukraine.</p>\r\n\r\n<p>Recent projects include investigations into the obscure international legal system that lets companies sue countries, and the growing role of multinational corporations in designing, delivering, and profiting from international aid efforts.</p>\r\n\r\n<p>Provost holds degrees from Harvard and Columbia universities.</p>", "url": "", "email": "cprovost117@gmail.com", "image": null}}, {"model": "blacktail.author", "pk": 33, "fields": {"name": "Luke Dale-Harris", "occupation": "Journalist", "bio": "<p>Luke Dale-Harris is an investigative reporter based in Romania and the UK. His work on land rights, corruption and environmental crime has been published widely in magazines and newspapers including Newsweek, The Guardian and Der Spiegel Online.</p>", "url": "", "email": "lldh@hotmail.co.uk", "image": null}}, {"model": "blacktail.author", "pk": 34, "fields": {"name": "Sorin Semeniuc", "occupation": "", "bio": "<div><b>Sorin Semeniuc</b> is an award winning journalist and member of the Romanian Centre for Investigative Journalism. He is the founder of the investigative news website <a href=\"http://www.ziardebuzunar.ro\" target=\"_blank\"><span style=\"color:windowtext\">www.ziardebuzunar.ro</span></a> and holds a PhD for his thesis on the relationship between the language of journalism and that of politics.</div>", "url": "", "email": "", "image": null}}, {"model": "blacktail.author", "pk": 35, "fields": {"name": "Diana Mesesan", "occupation": "Journalist", "bio": "<p>Diana Mesesan is a Romanian freelance journalist and photographer, passionate about people and their stories. She has written for The Diplomat - Bucharest, Romania-Insider, Decat o Revista and Think Outside the Box. For Diana, the best part of her work is reporting. She has experience in narrative journalism and multimedia.</p>", "url": "", "email": "diana@romania-insider.com", "image": null}}, {"model": "blacktail.author", "pk": 36, "fields": {"name": "Andrei Becheru", "occupation": "Photographer and film-maker", "bio": "<p><span class=\"_5yl5\"><span>Born in 1984, I studied industrial design at the National University of Arts Bucharest and graduated in 2007. </span></span></p>\r\n\r\n<p><span class=\"_5yl5\"><span>After college, I worked as a graphic designer. but gradually I started to learn photography. </span></span></p>\r\n\r\n<p><span class=\"_5yl5\"><span>In 2008, I began &ldquo;The Fountain&rdquo;, a long-term project about life in Dobrogea, published in &ldquo;BURN Magazine&rdquo;(2012) and in &ldquo;Formaje: Romanian Art Files&rdquo; (2013) Magazine. </span></span></p>\r\n\r\n<p><span class=\"_5yl5\"><span>Currently I am a freelance photographer and the images taken for documenting the project &ldquo;Light for Romania&rdquo; in 2014-2015 have appeared in publications including Reader&rsquo;s Digest, Dilema Veche, Adev\u0103rul, Romanian National Television (TVR1), Internazionale (Italy), Arte.tv and Radio France Internationale.</span></span></p>", "url": "", "email": "andrei_becheru@yahoo.com", "image": null}}, {"model": "blacktail.author", "pk": 37, "fields": {"name": "Sorina Vazelina", "occupation": "Illustrator", "bio": "<p>Sorina Vazelina is a sort of graphic designer, illustrator and cartoonist born and schooled in Romania. She has worked in two visual communication studios, so far: Synopsis Media,&nbsp;in Timi\u0219oara, and It&#39;s Everyday,&nbsp;in Bucharest. Her work has been published by Hardcomics, Kus Komics, Centrala UK and Novo Doba Belgrade. She used to be a regular contributing illustrator for Esquire, Playboy and Regard magazine. Some of the projects she&#39;s been involved in include: the visual identity for the White Night of Galleries in Bucharest,&nbsp;<a href=\"http://100towatch.ro/\" target=\"_blank\">100towatch.ro</a>&nbsp;and The Book of George, a compendium of Romanian cartoonists. In 2015 she won the prize for best book in a limited edition, at the Most Beautiful Books in Romania competition (Cele Mai Frumoase Carti). To find out more deliriously puzzling information on her work, visit&nbsp;<a href=\"http://vazelina.ro/\" target=\"_blank\">vazelina.ro</a>.</p>", "url": "vazelina.ro", "email": "sorinavazelina@gmail.com", "image": null}}, {"model": "blacktail.author", "pk": 38, "fields": {"name": "EIC 2016", "occupation": "Network", "bio": "<div dir=\"ltr\" id=\"x_yui_3_16_0_ym18_1_1458300149631_39561\" style=\"color: rgb(0, 0, 0); font-family: verdana, helvetica, sans-serif; font-size: 13px; line-height: normal;\">&nbsp;</div>\r\n\r\n<div dir=\"ltr\" id=\"x_yui_3_16_0_ym18_1_1458300149631_39561\" style=\"color: rgb(0, 0, 0); font-family: verdana, helvetica, sans-serif; font-size: 13px; line-height: normal;\"><b id=\"x_yui_3_16_0_ym18_1_1458300149631_39851\">European Investigative Collaborations: partnering on in\u2010depth reporting at source &nbsp;&nbsp;</b></div>\r\n\r\n<div id=\"x_magicdomid7\" style=\"color: rgb(0, 0, 0); font-family: verdana, helvetica, sans-serif; font-size: 13px; line-height: normal;\">&nbsp;</div>\r\n\r\n<div id=\"x_magicdomid8\" style=\"color: rgb(0, 0, 0); font-family: verdana, helvetica, sans-serif; font-size: 13px; line-height: normal;\"><span id=\"x_yui_3_16_0_ym18_1_1458300149631_39857\">We believe in building an investigative network.&nbsp;Due to their structure and&nbsp;methodology, collaborative networks are the only mechanism able to keep&nbsp;step with the globalized power structures (ie. governments,&nbsp; corporations), and the single way forward for investigative journalism.</span><span id=\"x_yui_3_16_0_ym18_1_1458300149631_39859\">&nbsp;</span><span id=\"x_yui_3_16_0_ym18_1_1458300149631_39861\">Our primary purpose is joint&nbsp;reporting and publication of investigative journalism with a focus on&nbsp;European topics to understand how power structures impact European&nbsp; communities.</span></div>\r\n\r\n<div id=\"x_magicdomid9\" style=\"color: rgb(0, 0, 0); font-family: verdana, helvetica, sans-serif; font-size: 13px; line-height: normal;\">&nbsp;</div>\r\n\r\n<div id=\"x_magicdomid10\" style=\"color: rgb(0, 0, 0); font-family: verdana, helvetica, sans-serif; font-size: 13px; line-height: normal;\"><span id=\"x_yui_3_16_0_ym18_1_1458300149631_39867\">EIC partners offer different and&nbsp;complementary mind-sets, organization types and skills. This ensures a&nbsp;flow of new challenges, ideas and approaches. Our aim is to build a&nbsp; European network focusing on independent, high-quality&nbsp;cross-border and European investigative journalism projects.</span></div>\r\n\r\n<div id=\"x_magicdomid11\" style=\"color: rgb(0, 0, 0); font-family: verdana, helvetica, sans-serif; font-size: 13px; line-height: normal;\">&nbsp;</div>\r\n\r\n<div id=\"x_magicdomid47\" style=\"color: rgb(0, 0, 0); font-family: verdana, helvetica, sans-serif; font-size: 13px; line-height: normal;\"><span id=\"x_yui_3_16_0_ym18_1_1458300149631_39873\">Discussions&nbsp;on forming this network started in 2015 and involved Der Spiegel and&nbsp;the Romanian Centre for Investigative Journalism. Le Soir&nbsp;joined the plan as well as Politiken, Newsweek Serbia, Falter, El&nbsp; Mundo, TheBlackSea</span><span id=\"x_yui_3_16_0_ym18_1_1458300149631_39875\">,</span><span id=\"x_yui_3_16_0_ym18_1_1458300149631_39877\">&nbsp;Mediapart</span><span id=\"x_yui_3_16_0_ym18_1_1458300149631_39879\">&nbsp;and L&#39;Espresso</span><span id=\"x_yui_3_16_0_ym18_1_1458300149631_39881\">. These are all funding partners of EIC. During&nbsp;the coming months EIC will decide on future partnerships related to&nbsp;stories or tools development. This is a non-exclusive Network, meaning&nbsp;that members can be part of other Networks, but only one medium or media&nbsp;outlet from each European country can be an&nbsp;EIC member, ensuring national exclusivity.&nbsp;</span></div>\r\n\r\n<div id=\"x_magicdomid13\" style=\"color: rgb(0, 0, 0); font-family: verdana, helvetica, sans-serif; font-size: 13px; line-height: normal;\"><span id=\"x_yui_3_16_0_ym18_1_1458300149631_39884\">&nbsp;</span></div>\r\n\r\n<div dir=\"ltr\" id=\"x_magicdomid14\" style=\"color: rgb(0, 0, 0); font-family: verdana, helvetica, sans-serif; font-size: 13px; line-height: normal;\"><span id=\"x_yui_3_16_0_ym18_1_1458300149631_39887\">The basis for cooperation among&nbsp;EIC member organizations is the regular sharing of information and&nbsp;consultations on possible story ideas. We have regular meetings and work&nbsp;on several&nbsp;fronts:&nbsp;tackling European stories; finding, compiling, processing or&nbsp;analyzing big data-sets; developing under Free Software license our own&nbsp;Network collaborative tools, platforms and information design.&nbsp;</span></div>", "url": "www.eic.network", "email": "contact@theblacksea.eu", "image": null}}, {"model": "blacktail.author", "pk": 39, "fields": {"name": "Cristian Niculescu", "occupation": "journalist", "bio": "", "url": "linx.crji.org", "email": "cristiniculescu65@gmail.com", "image": null}}, {"model": "blacktail.author", "pk": 40, "fields": {"name": "Margherita Bettoni", "occupation": "", "bio": "<p>Margherita Bettoni is a freelance reporter based in Germany.</p>\r\n\r\n<p>She mostly writes about organized crime and her works has been published in various media outlets.</p>", "url": "", "email": "margherita_bettoni@yahoo.it", "image": null}}, {"model": "blacktail.author", "pk": 42, "fields": {"name": "Feliciano Tisera", "occupation": "Journalist", "bio": "<p>An Argentinian-born journalist based in Spain, Feliciano writes for www.bez.es</p>", "url": "", "email": "tisera@gmail.com", "image": null}}, {"model": "blacktail.author", "pk": 43, "fields": {"name": "Cecilia Ferrara", "occupation": "Journalist", "bio": "<p>Cecilia Ferrara is a freelance journalist,&nbsp;a member of IRPI (Investigative Reporting Project Italy) and contributor to Radio Bullets.</p>\r\n\r\n<p>She graduated in European Contemporary History at the University of Florence. From 2000, she working as a journalist in the communitarian radio station Novaradio, in Florence. She gained interest&nbsp;in the Balkans and became an expert in&nbsp;Balkan politics, society and organised crime, living &ndash; between 2007 and 2010 &ndash; in Sarajevo and Belgrade. In that period she freelanced for several Italian and international media such as Il Venerd&igrave; (La Repubblica), Osservatorio Balcani and Caucaso, Left, Avvenimenti, Europa, Transition on line, Le Jeud&igrave;, Narcomafie, Avvenire, Carta, Peacereporter and&nbsp;Rinascita.&nbsp;</p>\r\n\r\n<p>In 2011 she co-authored the book Narconomics on the international traffic of cocaine and heroine. At the moment she works on transnational investigative journalism projects.</p>", "url": "", "email": "ferrara.ce@gmail.com", "image": null}}, {"model": "blacktail.author", "pk": 44, "fields": {"name": "Paulius Ramanauskas", "occupation": "Journalist", "bio": "<p>Paulius Ramanauskas is a Lithuanian journalist.</p>", "url": "", "email": "paulramanauskas@gmail.com", "image": null}}, {"model": "blacktail.author", "pk": 45, "fields": {"name": "Sigute Limontaite", "occupation": "Journalist", "bio": "<p>Sigute Limontaite is a Lithuanian journalist based in the UK.</p>", "url": "", "email": "sigute.limontaite@gmail.com", "image": null}}, {"model": "blacktail.author", "pk": 46, "fields": {"name": "Zeynep Sentek", "occupation": "Journalist", "bio": "<p>Zeynep is a Turkish academic and journalist specialising in investigations, human rights, workers&#39; rights, and military issues.&nbsp; &nbsp;</p>\r\n\r\n<p>Zeynep holds an MA in Conflict and Security from the University of Sussex in the UK, and is currently a doctoral researcher at Heidelberg University in Germany, studying Turkish civil-military relations.</p>\r\n\r\n<p><a href=\"https://twitter.com/zsentek\" target=\"_blank\">Follow Zeynep on Twitter</a></p>", "url": "https://twitter.com/zsentek", "email": "zeynepsentek@gmail.com", "image": null}}, {"model": "blacktail.author", "pk": 47, "fields": {"name": "Victor Avasiloaei", "occupation": "Developer", "bio": "", "url": "", "email": "victor@sigurweb.com", "image": null}}, {"model": "blacktail.author", "pk": 48, "fields": {"name": "Costin Stucan", "occupation": "Journalist", "bio": "<p>Costin Stucan is a Romanian investigative journalist specialised in sport, who is currently working at Gazeta Sporturilor in Bucharest.</p>", "url": "www.gsp.ro", "email": "costinstucan@gmail.com", "image": null}}, {"model": "blacktail.author", "pk": 49, "fields": {"name": "Elizabeth Short", "occupation": "Journalist", "bio": "<p>Elizabeth Short is a journalist who has\u00a0also written for The Calvert Journal.</p>", "url": "", "email": "eliz.short@hotmail.co.uk", "image": null}}, {"model": "blacktail.author", "pk": 50, "fields": {"name": "Alex Morega", "occupation": "Tech", "bio": "<p>Alex Morega has worked on Football Leaks.</p>", "url": "", "email": "alex@grep.ro", "image": null}}, {"model": "blacktail.author", "pk": 51, "fields": {"name": "Blaz Zgaga", "occupation": "Journalist", "bio": "<p>Blaz Zgaga is a Slovenian journalist.</p>", "url": "", "email": "contact@theblacksea.eu", "image": null}}, {"model": "blacktail.storytype", "pk": 1, "fields": {"name": "text", "image": null}}, {"model": "auth.permission", "pk": 1, "fields": {"name": "Can add image", "content_type": 2, "codename": "add_image"}}, {"model": "auth.permission", "pk": 2, "fields": {"name": "Can change image", "content_type": 2, "codename": "change_image"}}, {"model": "auth.permission", "pk": 3, "fields": {"name": "Can delete image", "content_type": 2, "codename": "delete_image"}}, {"model": "auth.permission", "pk": 4, "fields": {"name": "Can access Wagtail admin", "content_type": 3, "codename": "access_admin"}}, {"model": "auth.permission", "pk": 5, "fields": {"name": "Can add document", "content_type": 4, "codename": "add_document"}}, {"model": "auth.permission", "pk": 6, "fields": {"name": "Can change document", "content_type": 4, "codename": "change_document"}}, {"model": "auth.permission", "pk": 7, "fields": {"name": "Can delete document", "content_type": 4, "codename": "delete_document"}}, {"model": "auth.permission", "pk": 8, "fields": {"name": "Can add Tag", "content_type": 5, "codename": "add_tag"}}, {"model": "auth.permission", "pk": 9, "fields": {"name": "Can change Tag", "content_type": 5, "codename": "change_tag"}}, {"model": "auth.permission", "pk": 10, "fields": {"name": "Can delete Tag", "content_type": 5, "codename": "delete_tag"}}, {"model": "auth.permission", "pk": 11, "fields": {"name": "Can add Tagged Item", "content_type": 6, "codename": "add_taggeditem"}}, {"model": "auth.permission", "pk": 12, "fields": {"name": "Can change Tagged Item", "content_type": 6, "codename": "change_taggeditem"}}, {"model": "auth.permission", "pk": 13, "fields": {"name": "Can delete Tagged Item", "content_type": 6, "codename": "delete_taggeditem"}}, {"model": "auth.permission", "pk": 14, "fields": {"name": "Can add log entry", "content_type": 7, "codename": "add_logentry"}}, {"model": "auth.permission", "pk": 15, "fields": {"name": "Can change log entry", "content_type": 7, "codename": "change_logentry"}}, {"model": "auth.permission", "pk": 16, "fields": {"name": "Can delete log entry", "content_type": 7, "codename": "delete_logentry"}}, {"model": "auth.permission", "pk": 17, "fields": {"name": "Can add permission", "content_type": 8, "codename": "add_permission"}}, {"model": "auth.permission", "pk": 18, "fields": {"name": "Can change permission", "content_type": 8, "codename": "change_permission"}}, {"model": "auth.permission", "pk": 19, "fields": {"name": "Can delete permission", "content_type": 8, "codename": "delete_permission"}}, {"model": "auth.permission", "pk": 20, "fields": {"name": "Can add group", "content_type": 9, "codename": "add_group"}}, {"model": "auth.permission", "pk": 21, "fields": {"name": "Can change group", "content_type": 9, "codename": "change_group"}}, {"model": "auth.permission", "pk": 22, "fields": {"name": "Can delete group", "content_type": 9, "codename": "delete_group"}}, {"model": "auth.permission", "pk": 23, "fields": {"name": "Can add user", "content_type": 10, "codename": "add_user"}}, {"model": "auth.permission", "pk": 24, "fields": {"name": "Can change user", "content_type": 10, "codename": "change_user"}}, {"model": "auth.permission", "pk": 25, "fields": {"name": "Can delete user", "content_type": 10, "codename": "delete_user"}}, {"model": "auth.permission", "pk": 26, "fields": {"name": "Can add content type", "content_type": 11, "codename": "add_contenttype"}}, {"model": "auth.permission", "pk": 27, "fields": {"name": "Can change content type", "content_type": 11, "codename": "change_contenttype"}}, {"model": "auth.permission", "pk": 28, "fields": {"name": "Can delete content type", "content_type": 11, "codename": "delete_contenttype"}}, {"model": "auth.permission", "pk": 29, "fields": {"name": "Can add session", "content_type": 12, "codename": "add_session"}}, {"model": "auth.permission", "pk": 30, "fields": {"name": "Can change session", "content_type": 12, "codename": "change_session"}}, {"model": "auth.permission", "pk": 31, "fields": {"name": "Can delete session", "content_type": 12, "codename": "delete_session"}}, {"model": "auth.permission", "pk": 32, "fields": {"name": "Can add form submission", "content_type": 13, "codename": "add_formsubmission"}}, {"model": "auth.permission", "pk": 33, "fields": {"name": "Can change form submission", "content_type": 13, "codename": "change_formsubmission"}}, {"model": "auth.permission", "pk": 34, "fields": {"name": "Can delete form submission", "content_type": 13, "codename": "delete_formsubmission"}}, {"model": "auth.permission", "pk": 35, "fields": {"name": "Can add redirect", "content_type": 14, "codename": "add_redirect"}}, {"model": "auth.permission", "pk": 36, "fields": {"name": "Can change redirect", "content_type": 14, "codename": "change_redirect"}}, {"model": "auth.permission", "pk": 37, "fields": {"name": "Can delete redirect", "content_type": 14, "codename": "delete_redirect"}}, {"model": "auth.permission", "pk": 38, "fields": {"name": "Can add embed", "content_type": 15, "codename": "add_embed"}}, {"model": "auth.permission", "pk": 39, "fields": {"name": "Can change embed", "content_type": 15, "codename": "change_embed"}}, {"model": "auth.permission", "pk": 40, "fields": {"name": "Can delete embed", "content_type": 15, "codename": "delete_embed"}}, {"model": "auth.permission", "pk": 41, "fields": {"name": "Can add user profile", "content_type": 16, "codename": "add_userprofile"}}, {"model": "auth.permission", "pk": 42, "fields": {"name": "Can change user profile", "content_type": 16, "codename": "change_userprofile"}}, {"model": "auth.permission", "pk": 43, "fields": {"name": "Can delete user profile", "content_type": 16, "codename": "delete_userprofile"}}, {"model": "auth.permission", "pk": 44, "fields": {"name": "Can add rendition", "content_type": 17, "codename": "add_rendition"}}, {"model": "auth.permission", "pk": 45, "fields": {"name": "Can change rendition", "content_type": 17, "codename": "change_rendition"}}, {"model": "auth.permission", "pk": 46, "fields": {"name": "Can delete rendition", "content_type": 17, "codename": "delete_rendition"}}, {"model": "auth.permission", "pk": 47, "fields": {"name": "Can add query", "content_type": 18, "codename": "add_query"}}, {"model": "auth.permission", "pk": 48, "fields": {"name": "Can change query", "content_type": 18, "codename": "change_query"}}, {"model": "auth.permission", "pk": 49, "fields": {"name": "Can delete query", "content_type": 18, "codename": "delete_query"}}, {"model": "auth.permission", "pk": 50, "fields": {"name": "Can add Query Daily Hits", "content_type": 19, "codename": "add_querydailyhits"}}, {"model": "auth.permission", "pk": 51, "fields": {"name": "Can change Query Daily Hits", "content_type": 19, "codename": "change_querydailyhits"}}, {"model": "auth.permission", "pk": 52, "fields": {"name": "Can delete Query Daily Hits", "content_type": 19, "codename": "delete_querydailyhits"}}, {"model": "auth.permission", "pk": 53, "fields": {"name": "Can add page", "content_type": 1, "codename": "add_page"}}, {"model": "auth.permission", "pk": 54, "fields": {"name": "Can change page", "content_type": 1, "codename": "change_page"}}, {"model": "auth.permission", "pk": 55, "fields": {"name": "Can delete page", "content_type": 1, "codename": "delete_page"}}, {"model": "auth.permission", "pk": 56, "fields": {"name": "Can add group page permission", "content_type": 20, "codename": "add_grouppagepermission"}}, {"model": "auth.permission", "pk": 57, "fields": {"name": "Can change group page permission", "content_type": 20, "codename": "change_grouppagepermission"}}, {"model": "auth.permission", "pk": 58, "fields": {"name": "Can delete group page permission", "content_type": 20, "codename": "delete_grouppagepermission"}}, {"model": "auth.permission", "pk": 59, "fields": {"name": "Can add page revision", "content_type": 21, "codename": "add_pagerevision"}}, {"model": "auth.permission", "pk": 60, "fields": {"name": "Can change page revision", "content_type": 21, "codename": "change_pagerevision"}}, {"model": "auth.permission", "pk": 61, "fields": {"name": "Can delete page revision", "content_type": 21, "codename": "delete_pagerevision"}}, {"model": "auth.permission", "pk": 62, "fields": {"name": "Can add page view restriction", "content_type": 22, "codename": "add_pageviewrestriction"}}, {"model": "auth.permission", "pk": 63, "fields": {"name": "Can change page view restriction", "content_type": 22, "codename": "change_pageviewrestriction"}}, {"model": "auth.permission", "pk": 64, "fields": {"name": "Can delete page view restriction", "content_type": 22, "codename": "delete_pageviewrestriction"}}, {"model": "auth.permission", "pk": 65, "fields": {"name": "Can add site", "content_type": 23, "codename": "add_site"}}, {"model": "auth.permission", "pk": 66, "fields": {"name": "Can change site", "content_type": 23, "codename": "change_site"}}, {"model": "auth.permission", "pk": 67, "fields": {"name": "Can delete site", "content_type": 23, "codename": "delete_site"}}, {"model": "auth.permission", "pk": 68, "fields": {"name": "Can add collection", "content_type": 24, "codename": "add_collection"}}, {"model": "auth.permission", "pk": 69, "fields": {"name": "Can change collection", "content_type": 24, "codename": "change_collection"}}, {"model": "auth.permission", "pk": 70, "fields": {"name": "Can delete collection", "content_type": 24, "codename": "delete_collection"}}, {"model": "auth.permission", "pk": 71, "fields": {"name": "Can add group collection permission", "content_type": 25, "codename": "add_groupcollectionpermission"}}, {"model": "auth.permission", "pk": 72, "fields": {"name": "Can change group collection permission", "content_type": 25, "codename": "change_groupcollectionpermission"}}, {"model": "auth.permission", "pk": 73, "fields": {"name": "Can delete group collection permission", "content_type": 25, "codename": "delete_groupcollectionpermission"}}, {"model": "auth.permission", "pk": 74, "fields": {"name": "Can add collection view restriction", "content_type": 26, "codename": "add_collectionviewrestriction"}}, {"model": "auth.permission", "pk": 75, "fields": {"name": "Can change collection view restriction", "content_type": 26, "codename": "change_collectionviewrestriction"}}, {"model": "auth.permission", "pk": 76, "fields": {"name": "Can delete collection view restriction", "content_type": 26, "codename": "delete_collectionviewrestriction"}}, {"model": "auth.permission", "pk": 77, "fields": {"name": "Can add author page", "content_type": 27, "codename": "add_authorpage"}}, {"model": "auth.permission", "pk": 78, "fields": {"name": "Can change author page", "content_type": 27, "codename": "change_authorpage"}}, {"model": "auth.permission", "pk": 79, "fields": {"name": "Can delete author page", "content_type": 27, "codename": "delete_authorpage"}}, {"model": "auth.permission", "pk": 80, "fields": {"name": "Can add about page", "content_type": 28, "codename": "add_aboutpage"}}, {"model": "auth.permission", "pk": 81, "fields": {"name": "Can change about page", "content_type": 28, "codename": "change_aboutpage"}}, {"model": "auth.permission", "pk": 82, "fields": {"name": "Can delete about page", "content_type": 28, "codename": "delete_aboutpage"}}, {"model": "auth.permission", "pk": 83, "fields": {"name": "Can add home page", "content_type": 29, "codename": "add_homepage"}}, {"model": "auth.permission", "pk": 84, "fields": {"name": "Can change home page", "content_type": 29, "codename": "change_homepage"}}, {"model": "auth.permission", "pk": 85, "fields": {"name": "Can delete home page", "content_type": 29, "codename": "delete_homepage"}}, {"model": "auth.permission", "pk": 86, "fields": {"name": "Can add static page", "content_type": 30, "codename": "add_staticpage"}}, {"model": "auth.permission", "pk": 87, "fields": {"name": "Can change static page", "content_type": 30, "codename": "change_staticpage"}}, {"model": "auth.permission", "pk": 88, "fields": {"name": "Can delete static page", "content_type": 30, "codename": "delete_staticpage"}}, {"model": "auth.permission", "pk": 89, "fields": {"name": "Can add author", "content_type": 31, "codename": "add_author"}}, {"model": "auth.permission", "pk": 90, "fields": {"name": "Can change author", "content_type": 31, "codename": "change_author"}}, {"model": "auth.permission", "pk": 91, "fields": {"name": "Can delete author", "content_type": 31, "codename": "delete_author"}}, {"model": "auth.permission", "pk": 92, "fields": {"name": "Can add story type", "content_type": 32, "codename": "add_storytype"}}, {"model": "auth.permission", "pk": 93, "fields": {"name": "Can change story type", "content_type": 32, "codename": "change_storytype"}}, {"model": "auth.permission", "pk": 94, "fields": {"name": "Can delete story type", "content_type": 32, "codename": "delete_storytype"}}, {"model": "auth.permission", "pk": 95, "fields": {"name": "Can add story dossier", "content_type": 33, "codename": "add_storydossier"}}, {"model": "auth.permission", "pk": 96, "fields": {"name": "Can change story dossier", "content_type": 33, "codename": "change_storydossier"}}, {"model": "auth.permission", "pk": 97, "fields": {"name": "Can delete story dossier", "content_type": 33, "codename": "delete_storydossier"}}, {"model": "auth.permission", "pk": 98, "fields": {"name": "Can add story", "content_type": 34, "codename": "add_story"}}, {"model": "auth.permission", "pk": 99, "fields": {"name": "Can change story", "content_type": 34, "codename": "change_story"}}, {"model": "auth.permission", "pk": 100, "fields": {"name": "Can delete story", "content_type": 34, "codename": "delete_story"}}, {"model": "auth.permission", "pk": 101, "fields": {"name": "Can add story tag", "content_type": 35, "codename": "add_storytag"}}, {"model": "auth.permission", "pk": 102, "fields": {"name": "Can change story tag", "content_type": 35, "codename": "change_storytag"}}, {"model": "auth.permission", "pk": 103, "fields": {"name": "Can delete story tag", "content_type": 35, "codename": "delete_storytag"}}, {"model": "auth.permission", "pk": 104, "fields": {"name": "Can add blog index", "content_type": 36, "codename": "add_blogindex"}}, {"model": "auth.permission", "pk": 105, "fields": {"name": "Can change blog index", "content_type": 36, "codename": "change_blogindex"}}, {"model": "auth.permission", "pk": 106, "fields": {"name": "Can delete blog index", "content_type": 36, "codename": "delete_blogindex"}}, {"model": "auth.permission", "pk": 107, "fields": {"name": "Can add blog post", "content_type": 37, "codename": "add_blogpost"}}, {"model": "auth.permission", "pk": 108, "fields": {"name": "Can change blog post", "content_type": 37, "codename": "change_blogpost"}}, {"model": "auth.permission", "pk": 109, "fields": {"name": "Can delete blog post", "content_type": 37, "codename": "delete_blogpost"}}, {"model": "auth.permission", "pk": 110, "fields": {"name": "Can add stories index", "content_type": 38, "codename": "add_storiesindex"}}, {"model": "auth.permission", "pk": 111, "fields": {"name": "Can change stories index", "content_type": 38, "codename": "change_storiesindex"}}, {"model": "auth.permission", "pk": 112, "fields": {"name": "Can delete stories index", "content_type": 38, "codename": "delete_storiesindex"}}, {"model": "auth.permission", "pk": 113, "fields": {"name": "Can add story location", "content_type": 39, "codename": "add_storylocation"}}, {"model": "auth.permission", "pk": 114, "fields": {"name": "Can change story location", "content_type": 39, "codename": "change_storylocation"}}, {"model": "auth.permission", "pk": 115, "fields": {"name": "Can delete story location", "content_type": 39, "codename": "delete_storylocation"}}, {"model": "auth.permission", "pk": 116, "fields": {"name": "Can add story template", "content_type": 40, "codename": "add_storytemplate"}}, {"model": "auth.permission", "pk": 117, "fields": {"name": "Can change story template", "content_type": 40, "codename": "change_storytemplate"}}, {"model": "auth.permission", "pk": 118, "fields": {"name": "Can delete story template", "content_type": 40, "codename": "delete_storytemplate"}}, {"model": "taggit.taggeditem", "pk": 1, "fields": {"tag": 1, "content_type": 2, "object_id": 1}}, {"model": "auth.group", "pk": 1, "fields": {"name": "Moderators", "permissions": [4, 5, 6, 7, 1, 2, 3]}}, {"model": "auth.group", "pk": 2, "fields": {"name": "Editors", "permissions": [4, 5, 6, 7, 1, 2, 3]}}, {"model": "auth.user", "pk": 1, "fields": {"password": "pbkdf2_sha256$36000$VJfL5v7V7QkY$iB/wlTmGzBKRSNnRQRYXaGYuDvGGxpCBN/rp3MGvd2o=", "last_login": "2018-01-08T14:16:14.074Z", "is_superuser": true, "username": "root", "first_name": "", "last_name": "", "email": "", "is_staff": true, "is_active": true, "date_joined": "2018-01-08T14:15:35.816Z", "groups": [], "user_permissions": []}}, {"model": "wagtailimages.image", "pk": 1, "fields": {"collection": 1, "title": "theblacksea", "file": "original_images/thumbnail_1_VW0Mefq.jpg", "width": 1280, "height": 470, "created_at": "2018-01-08T14:17:15.123Z", "uploaded_by_user": 1, "focal_point_x": null, "focal_point_y": null, "focal_point_width": null, "focal_point_height": null, "file_size": null}}, {"model": "wagtailcore.page", "pk": 1, "fields": {"path": "0001", "depth": 1, "numchild": 1, "title": "Root", "draft_title": "Root", "slug": "root", "content_type": 1, "live": true, "has_unpublished_changes": false, "url_path": "/", "owner": null, "seo_title": "", "show_in_menus": false, "search_description": "", "go_live_at": null, "expire_at": null, "expired": false, "locked": false, "first_published_at": null, "last_published_at": null, "latest_revision_created_at": null, "live_revision": null}}, {"model": "wagtailcore.page", "pk": 2, "fields": {"path": "00010001", "depth": 2, "numchild": 0, "title": "Welcome to your new Wagtail site!", "draft_title": "Welcome to your new Wagtail site!", "slug": "home", "content_type": 1, "live": true, "has_unpublished_changes": false, "url_path": "/home/", "owner": null, "seo_title": "", "show_in_menus": false, "search_description": "", "go_live_at": null, "expire_at": null, "expired": false, "locked": false, "first_published_at": null, "last_published_at": null, "latest_revision_created_at": null, "live_revision": null}}, {"model": "wagtailcore.page", "pk": 3, "fields": {"path": "00010002", "depth": 2, "numchild": 3, "title": "Home", "draft_title": "Home", "slug": "index", "content_type": 29, "live": true, "has_unpublished_changes": false, "url_path": "/index/", "owner": 1, "seo_title": "Home", "show_in_menus": false, "search_description": "", "go_live_at": null, "expire_at": null, "expired": false, "locked": false, "first_published_at": "2018-01-08T14:17:42.129Z", "last_published_at": "2018-01-08T14:17:42.129Z", "latest_revision_created_at": "2018-01-08T14:17:42.091Z", "live_revision": 1}}, {"model": "wagtailcore.page", "pk": 4, "fields": {"path": "000100020001", "depth": 3, "numchild": 0, "title": "Blog", "draft_title": "Blog", "slug": "blogs", "content_type": 36, "live": true, "has_unpublished_changes": false, "url_path": "/index/blogs/", "owner": 1, "seo_title": "Blogs", "show_in_menus": true, "search_description": "", "go_live_at": null, "expire_at": null, "expired": false, "locked": false, "first_published_at": "2018-01-08T14:18:17.915Z", "last_published_at": "2018-01-08T14:18:17.915Z", "latest_revision_created_at": "2018-01-08T14:18:17.892Z", "live_revision": 2}}, {"model": "wagtailcore.page", "pk": 5, "fields": {"path": "000100020002", "depth": 3, "numchild": 0, "title": "Stories", "draft_title": "Stories", "slug": "stories", "content_type": 38, "live": true, "has_unpublished_changes": false, "url_path": "/index/stories/", "owner": 1, "seo_title": "Stories", "show_in_menus": true, "search_description": "", "go_live_at": null, "expire_at": null, "expired": false, "locked": false, "first_published_at": "2018-01-08T14:18:33.243Z", "last_published_at": "2018-01-08T14:18:33.243Z", "latest_revision_created_at": "2018-01-08T14:18:33.204Z", "live_revision": 3}}, {"model": "wagtailcore.page", "pk": 6, "fields": {"path": "000100020003", "depth": 3, "numchild": 1, "title": "About", "draft_title": "About", "slug": "about", "content_type": 28, "live": true, "has_unpublished_changes": false, "url_path": "/index/about/", "owner": 1, "seo_title": "About", "show_in_menus": true, "search_description": "", "go_live_at": null, "expire_at": null, "expired": false, "locked": false, "first_published_at": "2018-01-08T14:18:49.183Z", "last_published_at": "2018-01-08T14:18:49.183Z", "latest_revision_created_at": "2018-01-08T14:18:49.160Z", "live_revision": 4}}, {"model": "wagtailcore.page", "pk": 7, "fields": {"path": "0001000200030001", "depth": 4, "numchild": 0, "title": "Author page", "draft_title": "Author page", "slug": "author", "content_type": 27, "live": true, "has_unpublished_changes": false, "url_path": "/index/about/author/", "owner": 1, "seo_title": "About the author", "show_in_menus": false, "search_description": "", "go_live_at": null, "expire_at": null, "expired": false, "locked": false, "first_published_at": "2018-01-08T14:19:10.716Z", "last_published_at": "2018-01-08T14:19:10.716Z", "latest_revision_created_at": "2018-01-08T14:19:10.690Z", "live_revision": 5}}, {"model": "wagtailcore.pagerevision", "pk": 1, "fields": {"page": 3, "submitted_for_moderation": false, "created_at": "2018-01-08T14:17:42.091Z", "user": 1, "content_json": "{\"pk\": 3, \"path\": \"00010002\", \"depth\": 2, \"numchild\": 0, \"title\": \"Home\", \"draft_title\": \"Home\", \"slug\": \"index\", \"content_type\": 29, \"live\": true, \"has_unpublished_changes\": false, \"url_path\": \"/index/\", \"owner\": 1, \"seo_title\": \"Home\", \"show_in_menus\": false, \"search_description\": \"\", \"go_live_at\": null, \"expire_at\": null, \"expired\": false, \"locked\": false, \"first_published_at\": null, \"last_published_at\": null, \"latest_revision_created_at\": null, \"live_revision\": null, \"body\": \"\", \"image\": 1}", "approved_go_live_at": null}}, {"model": "wagtailcore.pagerevision", "pk": 2, "fields": {"page": 4, "submitted_for_moderation": false, "created_at": "2018-01-08T14:18:17.892Z", "user": 1, "content_json": "{\"pk\": 4, \"path\": \"000100020001\", \"depth\": 3, \"numchild\": 0, \"title\": \"Blog\", \"draft_title\": \"Blog\", \"slug\": \"blogs\", \"content_type\": 36, \"live\": true, \"has_unpublished_changes\": false, \"url_path\": \"/index/blogs/\", \"owner\": 1, \"seo_title\": \"Blogs\", \"show_in_menus\": true, \"search_description\": \"\", \"go_live_at\": null, \"expire_at\": null, \"expired\": false, \"locked\": false, \"first_published_at\": null, \"last_published_at\": null, \"latest_revision_created_at\": null, \"live_revision\": null, \"intro\": \"\"}", "approved_go_live_at": null}}, {"model": "wagtailcore.pagerevision", "pk": 3, "fields": {"page": 5, "submitted_for_moderation": false, "created_at": "2018-01-08T14:18:33.204Z", "user": 1, "content_json": "{\"pk\": 5, \"path\": \"000100020002\", \"depth\": 3, \"numchild\": 0, \"title\": \"Stories\", \"draft_title\": \"Stories\", \"slug\": \"stories\", \"content_type\": 38, \"live\": true, \"has_unpublished_changes\": false, \"url_path\": \"/index/stories/\", \"owner\": 1, \"seo_title\": \"Stories\", \"show_in_menus\": true, \"search_description\": \"\", \"go_live_at\": null, \"expire_at\": null, \"expired\": false, \"locked\": false, \"first_published_at\": null, \"last_published_at\": null, \"latest_revision_created_at\": null, \"live_revision\": null, \"intro\": \"\"}", "approved_go_live_at": null}}, {"model": "wagtailcore.pagerevision", "pk": 4, "fields": {"page": 6, "submitted_for_moderation": false, "created_at": "2018-01-08T14:18:49.160Z", "user": 1, "content_json": "{\"pk\": 6, \"path\": \"000100020003\", \"depth\": 3, \"numchild\": 0, \"title\": \"About\", \"draft_title\": \"About\", \"slug\": \"about\", \"content_type\": 28, \"live\": true, \"has_unpublished_changes\": false, \"url_path\": \"/index/about/\", \"owner\": 1, \"seo_title\": \"About\", \"show_in_menus\": true, \"search_description\": \"\", \"go_live_at\": null, \"expire_at\": null, \"expired\": false, \"locked\": false, \"first_published_at\": null, \"last_published_at\": null, \"latest_revision_created_at\": null, \"live_revision\": null, \"intro\": \"\", \"body\": \"\"}", "approved_go_live_at": null}}, {"model": "wagtailcore.pagerevision", "pk": 5, "fields": {"page": 7, "submitted_for_moderation": false, "created_at": "2018-01-08T14:19:10.690Z", "user": 1, "content_json": "{\"pk\": 7, \"path\": \"0001000200030001\", \"depth\": 4, \"numchild\": 0, \"title\": \"Author page\", \"draft_title\": \"Author page\", \"slug\": \"author\", \"content_type\": 27, \"live\": true, \"has_unpublished_changes\": false, \"url_path\": \"/index/about/author/\", \"owner\": 1, \"seo_title\": \"About the author\", \"show_in_menus\": false, \"search_description\": \"\", \"go_live_at\": null, \"expire_at\": null, \"expired\": false, \"locked\": false, \"first_published_at\": null, \"last_published_at\": null, \"latest_revision_created_at\": null, \"live_revision\": null, \"intro\": \"\", \"image\": \"\"}", "approved_go_live_at": null}}, {"model": "wagtailcore.grouppagepermission", "pk": 1, "fields": {"group": 1, "page": 1, "permission_type": "add"}}, {"model": "wagtailcore.grouppagepermission", "pk": 2, "fields": {"group": 1, "page": 1, "permission_type": "edit"}}, {"model": "wagtailcore.grouppagepermission", "pk": 3, "fields": {"group": 1, "page": 1, "permission_type": "publish"}}, {"model": "wagtailcore.grouppagepermission", "pk": 4, "fields": {"group": 2, "page": 1, "permission_type": "add"}}, {"model": "wagtailcore.grouppagepermission", "pk": 5, "fields": {"group": 2, "page": 1, "permission_type": "edit"}}, {"model": "wagtailcore.grouppagepermission", "pk": 6, "fields": {"group": 1, "page": 1, "permission_type": "lock"}}, {"model": "wagtailcore.groupcollectionpermission", "pk": 1, "fields": {"group": 2, "collection": 1, "permission": 1}}, {"model": "wagtailcore.groupcollectionpermission", "pk": 2, "fields": {"group": 1, "collection": 1, "permission": 1}}, {"model": "wagtailcore.groupcollectionpermission", "pk": 3, "fields": {"group": 2, "collection": 1, "permission": 2}}, {"model": "wagtailcore.groupcollectionpermission", "pk": 4, "fields": {"group": 1, "collection": 1, "permission": 2}}, {"model": "wagtailcore.groupcollectionpermission", "pk": 5, "fields": {"group": 2, "collection": 1, "permission": 5}}, {"model": "wagtailcore.groupcollectionpermission", "pk": 6, "fields": {"group": 1, "collection": 1, "permission": 5}}, {"model": "wagtailcore.groupcollectionpermission", "pk": 7, "fields": {"group": 2, "collection": 1, "permission": 6}}, {"model": "wagtailcore.groupcollectionpermission", "pk": 8, "fields": {"group": 1, "collection": 1, "permission": 6}}, {"model": "blacktail.aboutpage", "pk": 6, "fields": {"intro": "", "body": ""}}, {"model": "blacktail.authorpage", "pk": 7, "fields": {"intro": "", "image": ""}}, {"model": "blacktail.blogindex", "pk": 4, "fields": {"intro": ""}}, {"model": "blacktail.storiesindex", "pk": 5, "fields": {"intro": ""}}, {"model": "blacktail.homepage", "pk": 3, "fields": {"body": "", "image": 1}}]